employee_id,first_name,last_name,gender,state,city,hire_date,department,job_title,education_level,performance_rating,overtime,base_salary,salary,birth_date,termination_date
00-73695798,Olimpiada,Fedotova,Female,Moscow,Moscow,2017-08-28,Sales,Sales Specialist,Bachelor,Good,No,79104,84511,1994-07-25,
00-81018730,Ljubov',Baranova,Female,Moscow,Moscow,2022-05-19,Customer Service,Support Specialist,Bachelor,Satisfactory,Yes,54030,58165,1983-12-04,
00-29139495,Mstislav,Trofimov,Male,Moscow,Moscow,2018-04-10,Operations,Operations Analyst,Master,Good,No,55805,60266,1974-05-17,
00-60298696,Rodion,Pahomov,Male,Moscow,Moscow,2019-11-11,Sales,Sales Representative,Bachelor,Needs Improvement,No,53844,64566,1995-05-02,
00-96356860,Zosima,Naumov,Male,Kazan,Kazan,2023-01-01,Operations,Inventory Specialist,High School,Needs Improvement,No,58672,61998,2004-07-13,
00-90726197,Julija,Kulikova,Female,Kazan,Kazan,2017-12-23,Marketing,Content Creator,Bachelor,Satisfactory,No,54587,57909,1998-05-07,
00-10223590,Margarita,Sorokina,Female,Moscow,Moscow,2022-05-04,Operations,Operations Manager,Bachelor,Satisfactory,No,89060,94566,1964-08-12,
00-29502210,Evfrosinija,Semenova,Female,Moscow,Moscow,2024-07-29,Sales,Sales Representative,Bachelor,Satisfactory,No,62227,66814,1983-08-11,
00-59345867,Evstignej,Vorob'ev,Male,Kazan,Kazan,2017-07-06,Operations,Logistics Coordinator,Bachelor,Satisfactory,No,55641,65235,2003-03-18,
00-38219499,Martyn,Fedoseev,Male,Moscow,Moscow,2016-05-27,Operations,Operations Analyst,Master,Satisfactory,No,55540,59369,1993-06-19,
00-36794365,Anna,Sokolova,Female,Moscow,Moscow,2016-12-01,Customer Service,Support Specialist,High School,Satisfactory,Yes,56753,60705,1996-03-05,2020-08-16
00-55231319,Raisa,Tsvetkova,Female,Kazan,Kazan,2022-02-03,Customer Service,Support Specialist,Bachelor,Satisfactory,Yes,52271,56448,1980-12-25,
00-21723969,Natal'ja,Blohina,Female,Moscow,Moscow,2015-06-11,Operations,Logistics Coordinator,Bachelor,Good,No,56161,59817,1982-02-20,
00-18158383,Natal'ja,Lytkina,Female,Moscow,Moscow,2023-02-19,Sales,Sales Specialist,Bachelor,Satisfactory,Yes,75370,78334,1992-09-05,
00-98858209,Longin,Bobylev,Male,Moscow,Moscow,2020-08-14,Operations,Operations Analyst,Bachelor,Excellent,No,55381,67778,1989-06-26,
00-22210858,Gremislav,Turov,Male,Moscow,Moscow,2024-09-11,IT,IT Support Specialist,Bachelor,Needs Improvement,Yes,56075,66194,1982-07-14,
00-66882728,Alla,Naumova,Female,Moscow,Moscow,2024-03-03,HR,HR Manager,PhD,Satisfactory,No,87857,112090,1983-01-07,
00-25103203,Anzhelika,Vlasova,Female,Kazan,Kazan,2022-08-10,Operations,Inventory Specialist,Bachelor,Good,No,57940,59778,2007-06-19,
00-28128721,Eduard,Voronov,Male,Moscow,Moscow,2020-06-23,IT,IT Support Specialist,Bachelor,Good,No,58114,68887,1993-04-15,
00-93409868,Marija,Potapova,Female,Moscow,Moscow,2020-01-12,Operations,Operations Manager,Bachelor,Satisfactory,No,91030,100770,1975-09-10,
00-16892525,Anzhelika,Merkusheva,Female,Moscow,Moscow,2020-03-11,Marketing,Content Creator,Bachelor,Good,No,52208,56265,1994-01-21,
00-78081629,Kazimir,Efimov,Male,Moscow,Moscow,2023-12-09,Operations,Operations Analyst,Master,Satisfactory,No,59247,67650,1973-11-16,
00-63756709,Nikandr,Murav'ev,Male,Moscow,Moscow,2021-04-23,Customer Service,Support Specialist,High School,Satisfactory,Yes,50055,53824,2006-11-12,
00-99677431,Ippolit,Frolov,Male,Moscow,Moscow,2020-05-02,Sales,Sales Specialist,Master,Needs Improvement,No,70645,76803,1990-03-04,2021-07-24
00-73990750,Mokej,Panfilov,Male,Kazan,Kazan,2021-07-28,IT,Software Developer,Master,Good,No,84175,91249,1972-10-23,
00-82631811,Praskov'ja,Borisova,Female,Moscow,Moscow,2015-01-11,Operations,Operations Analyst,Master,Excellent,No,66092,76818,1977-01-10,
00-21094954,Petr,Morozov,Male,Moscow,Moscow,2024-07-08,Operations,Inventory Specialist,Bachelor,Good,No,58246,67716,1999-03-23,
00-99066353,Elena,Murav'eva,Female,Moscow,Moscow,2017-06-05,IT,System Administrator,Master,Good,Yes,86055,98202,2001-05-25,
00-58738289,Marija,Ershova,Female,Moscow,Moscow,2023-10-08,Marketing,SEO Specialist,Bachelor,Needs Improvement,No,68013,71520,1992-10-04,
00-61753575,Valentina,Sitnikova,Female,Moscow,Moscow,2022-07-20,IT,Software Developer,Master,Good,No,94504,105157,1992-10-27,
00-25278326,Denis,Vorob'ev,Male,Moscow,Moscow,2017-09-11,Sales,Sales Specialist,PhD,Excellent,Yes,69923,74154,1991-09-18,2019-01-01
00-54994164,Anatolij,Gorbunov,Male,Moscow,Moscow,2018-04-11,Marketing,SEO Specialist,High School,Satisfactory,Yes,60023,65644,1993-04-25,
00-78632302,Ljubov',Eliseeva,Female,Moscow,Moscow,2020-08-20,Operations,Logistics Coordinator,Bachelor,Good,No,50189,51836,2005-09-05,
00-77110491,Antonin,Kopylov,Male,Moscow,Moscow,2017-06-17,Operations,Logistics Coordinator,Bachelor,Good,Yes,59545,68482,2007-06-22,2021-06-29
00-61125583,Evfrosinija,Shirjaeva,Female,Moscow,Moscow,2023-04-13,Sales,Sales Representative,Bachelor,Excellent,No,67887,70160,2003-07-13,
00-67734343,Savelij,Ignatov,Male,Moscow,Moscow,2015-12-15,Operations,Inventory Specialist,High School,Needs Improvement,No,57870,63217,1996-07-17,
00-13454891,Svetozar,Zhuravlev,Male,Moscow,Moscow,2017-12-14,Customer Service,Help Desk Technician,Bachelor,Good,No,55531,66055,2001-07-25,
00-67343592,Gurij,Suvorov,Male,Moscow,Moscow,2015-12-03,IT,System Administrator,Bachelor,Good,No,78180,95881,1988-09-29,
00-37434808,Majja,Koroleva,Female,Moscow,Moscow,2023-03-10,IT,Software Developer,Master,Excellent,No,76401,87833,1994-01-27,
00-23772507,Efim,Sysoev,Male,Kazan,Kazan,2022-08-09,Operations,Inventory Specialist,Bachelor,Satisfactory,No,53861,63414,1998-02-20,2024-01-09
00-39613893,Iraida,Fomicheva,Female,Moscow,Moscow,2017-10-08,Customer Service,Customer Service Representative,High School,Satisfactory,No,56743,62665,1987-04-05,
00-46747065,Lukija,Borisova,Female,Moscow,Moscow,2015-03-29,Sales,Sales Representative,Bachelor,Satisfactory,No,51115,53126,1999-06-03,
00-47117594,Agaf'ja,Ovchinnikova,Female,Kazan,Kazan,2020-01-15,Operations,Inventory Specialist,High School,Good,No,54613,57212,1998-05-19,
00-90808173,Jan,Andreev,Male,Moscow,Moscow,2021-12-25,Finance,Financial Analyst,Bachelor,Satisfactory,No,76583,93299,1985-07-04,
00-16987216,Sofija,Ovchinnikova,Female,Moscow,Moscow,2020-02-26,Sales,Sales Representative,Bachelor,Excellent,No,56358,62121,1989-05-12,
00-59433135,Lidija,Bobyleva,Female,Kazan,Kazan,2017-10-14,Sales,Sales Representative,Bachelor,Good,Yes,60619,66740,1982-10-05,
00-47835413,Irina,Kabanova,Female,Moscow,Moscow,2019-02-12,IT,Software Developer,Master,Good,Yes,89277,99520,1997-08-17,
00-74562016,Svetlana,Ovchinnikova,Female,Moscow,Moscow,2017-06-23,Customer Service,Help Desk Technician,Bachelor,Satisfactory,No,57837,61938,1984-11-04,
00-32489925,Ljudmila,Belousova,Female,Moscow,Moscow,2019-09-07,Customer Service,Help Desk Technician,Bachelor,Good,No,61902,69514,1982-01-14,
00-83666285,Prokl,Rozhkov,Male,Moscow,Moscow,2018-09-26,IT,IT Support Specialist,Bachelor,Needs Improvement,No,56450,68737,1988-03-26,2024-02-17
00-35398326,Nonna,Kalinina,Female,Moscow,Moscow,2022-08-13,Operations,Inventory Specialist,Bachelor,Needs Improvement,No,55317,60532,1993-10-02,
00-39512358,Alina,Matveeva,Female,Moscow,Moscow,2024-04-30,Operations,Inventory Specialist,Bachelor,Good,Yes,57829,63345,1981-04-14,
00-10895802,Raisa,Kabanova,Female,Moscow,Moscow,2024-09-11,Operations,Logistics Coordinator,Bachelor,Good,Yes,51491,55720,1995-02-01,
00-55874242,Ekaterina,Gur'eva,Female,Kazan,Kazan,2017-04-14,Customer Service,Help Desk Technician,Bachelor,Good,No,62223,65134,2002-06-20,
00-11158279,Iraklij,Novikov,Male,Moscow,Moscow,2020-09-06,Customer Service,Support Specialist,High School,Good,No,55647,60100,1999-02-05,2021-04-24
00-43226367,Alevtina,Titova,Female,Moscow,Moscow,2021-07-23,Operations,Logistics Coordinator,Bachelor,Good,Yes,53999,56901,2000-09-11,
00-58446179,Iraida,Gavrilova,Female,Moscow,Moscow,2024-02-20,Operations,Operations Analyst,Bachelor,Good,No,76419,80699,2002-10-11,
00-77591978,Evstignej,Kudrjashov,Male,Moscow,Moscow,2017-06-21,Sales,Sales Representative,Bachelor,Satisfactory,Yes,68970,79375,2005-06-09,
00-53279368,Aristarh,Shilov,Male,Moscow,Moscow,2023-07-27,Sales,Sales Manager,Master,Good,No,82782,96836,1962-12-16,
00-99736297,Isidor,Mishin,Male,Moscow,Moscow,2023-01-15,Sales,Sales Specialist,Bachelor,Good,No,53264,62663,2004-04-04,
00-95820300,Nina,Safonova,Female,Moscow,Moscow,2016-02-03,Sales,Sales Representative,Bachelor,Excellent,No,58885,63606,1986-12-14,
00-80764562,Militsa,Vishnjakova,Female,Moscow,Moscow,2020-03-13,IT,System Administrator,Bachelor,Satisfactory,No,61603,65298,1988-05-02,
00-75732809,Tamara,Konovalova,Female,Moscow,Moscow,2021-12-23,Finance,Accounts Payable Specialist,Bachelor,Excellent,No,50429,55792,1986-08-24,
00-45256054,Marija,Vorontsova,Female,Kazan,Kazan,2022-02-28,Operations,Logistics Coordinator,Bachelor,Good,Yes,51676,54219,1986-04-09,2023-09-03
00-69704200,German,Lihachev,Male,Moscow,Moscow,2023-01-12,Operations,Logistics Coordinator,Bachelor,Good,No,59268,70711,1988-08-22,
00-31763088,Aleksandra,Samsonova,Female,Kazan,Kazan,2019-01-27,Finance,Financial Analyst,PhD,Good,No,75903,95573,1989-08-24,2021-04-13
00-92796753,Naina,Lukina,Female,Moscow,Moscow,2023-03-14,Sales,Sales Specialist,Master,Good,No,51451,61198,1982-03-25,
00-47353470,Marina,Vishnjakova,Female,Moscow,Moscow,2018-02-05,IT,IT Support Specialist,High School,Needs Improvement,No,51771,55029,1983-08-30,
00-79145216,Ljudmila,Ponomareva,Female,Moscow,Moscow,2021-04-24,Customer Service,Customer Service Representative,Bachelor,Good,No,58850,61754,2005-01-06,
00-69740109,Tit,Emel'janov,Male,Kazan,Kazan,2022-08-15,Marketing,Marketing Coordinator,Bachelor,Good,No,63416,76573,1989-06-21,
00-38731922,Vladilen,Sobolev,Male,Moscow,Moscow,2022-07-14,IT,Software Developer,Master,Satisfactory,Yes,91999,98624,1997-07-26,
00-79924819,Nikodim,Savin,Male,Moscow,Moscow,2017-03-31,Sales,Sales Specialist,Master,Good,Yes,68565,71706,1992-01-27,
00-10495540,Orest,Efimov,Male,Moscow,Moscow,2022-04-28,Operations,Logistics Coordinator,Bachelor,Needs Improvement,No,52396,62695,1981-06-19,2024-03-29
00-27680744,Lora,Baranova,Female,Moscow,Moscow,2020-09-07,Customer Service,Support Specialist,High School,Satisfactory,Yes,55201,56350,2005-08-26,
00-45679260,Leontij,Nikiforov,Male,Moscow,Moscow,2019-09-11,IT,Software Developer,Master,Satisfactory,Yes,77361,84007,1976-07-26,
00-42377489,Polikarp,Gromov,Male,Moscow,Moscow,2017-03-05,Finance,Accountant,Bachelor,Good,Yes,63969,73480,2000-05-19,
00-73319993,Evfrosinija,Martynova,Female,Moscow,Moscow,2024-08-15,Sales,Sales Specialist,Bachelor,Satisfactory,No,72008,75805,1986-03-21,
00-85152771,Pelageja,Borisova,Female,Moscow,Moscow,2020-01-21,Customer Service,Help Desk Technician,Bachelor,Excellent,No,68185,73804,1988-01-11,2021-02-28
00-44616794,Cheslav,Aleksandrov,Male,Moscow,Moscow,2022-06-16,Sales,Sales Representative,Bachelor,Excellent,No,55405,65014,1994-07-04,2023-03-22
00-66056813,Lidija,Belova,Female,Moscow,Moscow,2019-12-10,Operations,Inventory Specialist,Bachelor,Good,No,57155,64177,1980-02-23,
00-22465092,Aver'jan,Silin,Male,Moscow,Moscow,2023-05-12,Sales,Sales Consultant,PhD,Good,No,85786,91020,1997-10-17,
00-36708216,Irina,Jakusheva,Female,Moscow,Moscow,2020-03-14,Operations,Inventory Specialist,High School,Good,No,50368,55850,1980-01-13,2021-06-16
00-56637721,Nina,Anisimova,Female,Kazan,Kazan,2024-03-21,IT,IT Support Specialist,High School,Satisfactory,Yes,55066,59524,1997-04-20,
00-95639424,Gedeon,Ovchinnikov,Male,Moscow,Moscow,2022-11-25,Operations,Logistics Coordinator,Bachelor,Good,No,50382,62790,1982-05-31,
00-85608502,Marian,Sorokin,Male,Kazan,Kazan,2017-07-02,Operations,Logistics Coordinator,Bachelor,Good,No,50864,61968,1986-08-30,
00-30860675,Nikita,Koshelev,Male,Moscow,Moscow,2023-07-02,Sales,Sales Specialist,PhD,Excellent,No,72294,76099,1998-09-25,
00-15090980,Ipat,Rybakov,Male,Moscow,Moscow,2023-06-17,Customer Service,Customer Service Manager,Bachelor,Satisfactory,No,89832,117802,1964-09-16,2024-11-12
00-65763801,Alla,Nikonova,Female,Moscow,Moscow,2020-10-08,Operations,Operations Analyst,Master,Good,Yes,76022,87664,1990-01-31,
00-60931780,Nadezhda,Beljakova,Female,Moscow,Moscow,2023-09-12,Operations,Logistics Coordinator,Bachelor,Excellent,Yes,56768,58923,1999-07-16,
00-57401566,Nikolaj,Galkin,Male,Moscow,Moscow,2017-09-03,Sales,Sales Specialist,PhD,Good,No,51129,55949,1991-12-02,
00-46332338,Antonin,Lytkin,Male,Moscow,Moscow,2024-02-08,Sales,Sales Specialist,PhD,Excellent,No,61355,67242,1968-01-03,
00-82694030,Ul'jana,Fedoseeva,Female,Moscow,Moscow,2020-04-23,Operations,Logistics Coordinator,Bachelor,Good,Yes,57408,60935,1985-05-05,
00-92025067,Aggej,Markov,Male,Kazan,Kazan,2016-10-09,Finance,Accountant,Bachelor,Good,No,55062,67049,1983-06-13,
00-81706480,Majja,Evdokimova,Female,Moscow,Moscow,2020-04-22,Customer Service,Help Desk Technician,High School,Satisfactory,Yes,74126,76420,2007-08-22,
00-62902859,Vsemil,Arhipov,Male,Moscow,Moscow,2020-03-23,Operations,Inventory Specialist,High School,Satisfactory,No,51073,56344,1995-03-23,
00-19627725,Tihon,Kuz'min,Male,Moscow,Moscow,2019-04-02,Sales,Sales Specialist,Master,Needs Improvement,Yes,79612,86317,1979-12-10,
00-53431941,Anikita,Kotov,Male,Moscow,Moscow,2016-10-20,Customer Service,Customer Service Representative,Bachelor,Good,No,53826,64020,1995-10-01,
00-54623111,Konon,Isakov,Male,Moscow,Moscow,2017-12-07,Operations,Operations Analyst,Bachelor,Good,No,73185,84645,1995-09-06,2019-02-28
00-22151735,Fekla,Bobrova,Female,Kazan,Kazan,2022-05-22,IT,IT Support Specialist,Bachelor,Satisfactory,No,59237,61578,2006-11-05,
00-51687414,Ernst,Markov,Male,Moscow,Moscow,2022-02-23,Sales,Sales Representative,Bachelor,Satisfactory,No,53319,64766,1994-10-26,
00-98502251,Isidor,Noskov,Male,Moscow,Moscow,2021-01-12,IT,IT Support Specialist,High School,Good,Yes,51128,59365,1980-07-19,
00-68522021,Juvenalij,Evseev,Male,Kazan,Kazan,2018-10-13,Operations,Inventory Specialist,High School,Good,No,57135,61810,2000-10-14,2020-11-27
00-13991674,Nadezhda,Rodionova,Female,Moscow,Moscow,2017-08-13,Customer Service,Help Desk Technician,Bachelor,Satisfactory,No,57373,61728,1995-02-09,
00-93616533,Ivanna,Shirjaeva,Female,Moscow,Moscow,2019-05-29,Sales,Sales Representative,Bachelor,Good,No,56020,59962,2001-08-06,
00-34074557,Natan,Gorshkov,Male,Moscow,Moscow,2016-05-20,IT,Software Developer,Master,Good,Yes,93838,99383,1996-08-24,
00-89753406,Nifont,Avdeev,Male,Moscow,Moscow,2018-10-21,Operations,Inventory Specialist,High School,Good,No,58447,61937,1999-09-29,
00-41990072,Glafira,Ustinova,Female,Moscow,Moscow,2023-03-16,Operations,Inventory Specialist,High School,Needs Improvement,No,51689,55635,1984-07-01,
00-23002431,Iraklij,Makarov,Male,Moscow,Moscow,2024-12-20,HR,Recruiter,High School,Excellent,Yes,50969,57432,1981-04-01,
00-11036753,Regina,Belozerova,Female,Moscow,Moscow,2024-01-20,Customer Service,Customer Service Manager,PhD,Satisfactory,No,73611,93123,1973-09-27,
00-59188721,Ljudmila,Zinov'eva,Female,Moscow,Moscow,2017-11-30,Customer Service,Customer Service Representative,High School,Good,No,52089,56519,1984-09-05,2024-08-10
00-37022786,Vseslav,Gordeev,Male,Moscow,Moscow,2022-11-11,Operations,Operations Analyst,Bachelor,Satisfactory,No,70977,83913,2003-06-12,
00-49735673,Eremej,Dement'ev,Male,Kazan,Kazan,2017-11-17,Operations,Logistics Coordinator,Bachelor,Needs Improvement,No,54427,63523,1997-10-01,
00-29688968,Alevtina,Naumova,Female,Moscow,Moscow,2020-04-22,Finance,Accounts Payable Specialist,Bachelor,Good,No,52077,54079,2006-09-03,
00-54629380,Agap,Kornilov,Male,Moscow,Moscow,2017-03-04,Sales,Sales Specialist,PhD,Good,No,53952,56143,1990-04-21,
00-72361602,Gremislav,Lazarev,Male,Moscow,Moscow,2018-09-18,Marketing,Content Creator,Bachelor,Good,No,58856,73364,1984-10-08,
00-77228354,Kira,Guschina,Female,Moscow,Moscow,2023-03-11,IT,IT Support Specialist,High School,Satisfactory,Yes,50528,53027,1997-03-06,
00-43537828,Dobroslav,Nosov,Male,Moscow,Moscow,2019-04-24,IT,Software Developer,Bachelor,Satisfactory,No,74943,88838,1998-05-21,
00-16608765,Akulina,Kosheleva,Female,Kazan,Kazan,2023-11-28,Customer Service,Support Specialist,Bachelor,Good,Yes,56760,60943,1986-10-15,
00-40535190,Majja,Zimina,Female,Moscow,Moscow,2019-07-01,Marketing,Marketing Coordinator,Bachelor,Good,Yes,61719,64543,1999-07-02,2022-03-24
00-63054952,Evstignej,Tret'jakov,Male,Moscow,Moscow,2020-02-05,Sales,Sales Representative,Bachelor,Good,No,55565,65422,1998-04-25,
00-69044615,Agata,Kulagina,Female,Kazan,Kazan,2022-02-16,Operations,Operations Analyst,Master,Good,No,52196,63575,1977-01-14,2023-05-25
00-24269592,Nikodim,Seleznev,Male,Moscow,Moscow,2020-06-26,Operations,Inventory Specialist,High School,Good,Yes,58767,63021,2003-09-19,
00-51883627,Kuprijan,Abramov,Male,Moscow,Moscow,2018-05-10,Operations,Inventory Specialist,High School,Satisfactory,Yes,52067,56032,2002-12-19,
00-12282995,Marija,Krasil'nikova,Female,Moscow,Moscow,2018-06-01,IT,IT Support Specialist,High School,Good,No,58889,62898,1997-03-21,
00-77095466,Regina,Novikova,Female,Moscow,Moscow,2023-09-18,Customer Service,Customer Service Representative,High School,Good,No,55923,58955,1994-02-12,
00-94897322,Irina,Lebedeva,Female,Moscow,Moscow,2018-12-03,Customer Service,Support Specialist,High School,Satisfactory,No,59298,62304,1988-03-25,
00-28241794,Seliverst,Simonov,Male,Moscow,Moscow,2019-11-08,Marketing,Marketing Manager,Master,Excellent,No,79925,87716,1979-11-07,
00-83054762,Varfolomej,Pestov,Male,Moscow,Moscow,2017-11-03,Customer Service,Help Desk Technician,Bachelor,Good,No,78349,95818,1980-08-25,
00-76385021,Parfen,Hohlov,Male,Moscow,Moscow,2015-05-28,Finance,Accountant,Bachelor,Satisfactory,No,61031,70413,1999-09-09,
00-58960681,Juvenalij,Davydov,Male,Moscow,Moscow,2017-10-02,Sales,Sales Representative,Bachelor,Satisfactory,No,66824,83307,1984-10-30,
00-94219220,Vladislav,Shestakov,Male,Moscow,Moscow,2020-01-23,Sales,Sales Consultant,Master,Satisfactory,No,76839,83542,1971-11-15,
00-62221128,Velimir,Rodionov,Male,Moscow,Moscow,2023-01-31,Customer Service,Support Specialist,Bachelor,Good,No,56638,67161,1989-09-19,
00-91497811,Apollon,D'jachkov,Male,Moscow,Moscow,2018-01-04,IT,IT Support Specialist,Bachelor,Satisfactory,No,56648,66439,1998-04-03,
00-26889864,Zinaida,Novikova,Female,Moscow,Moscow,2017-02-11,Finance,Accountant,Bachelor,Good,No,72891,79604,1990-02-17,
00-14372336,Feofan,Gorbachev,Male,Moscow,Moscow,2023-12-03,Customer Service,Support Specialist,Bachelor,Good,No,54455,63391,1995-04-15,
00-91671865,Aleksej,Kapustin,Male,Moscow,Moscow,2023-03-24,Customer Service,Help Desk Technician,Bachelor,Good,No,71378,88652,1987-01-27,
00-60790543,Savelij,Evdokimov,Male,Moscow,Moscow,2019-03-17,Operations,Inventory Specialist,High School,Good,Yes,55192,60571,1995-04-26,
00-92920187,Lukija,Rodionova,Female,Kazan,Kazan,2022-08-25,Customer Service,Help Desk Technician,High School,Satisfactory,No,75000,78102,1990-04-01,
00-55612844,Larisa,Lavrent'eva,Female,Kazan,Kazan,2019-03-29,IT,IT Support Specialist,Bachelor,Satisfactory,No,58296,61753,2002-06-23,
00-60961055,Anna,Lapina,Female,Moscow,Moscow,2020-08-09,Sales,Sales Consultant,Master,Good,No,76780,88166,1981-11-30,
00-63626907,Aristarh,Evseev,Male,Kazan,Kazan,2023-10-06,Operations,Logistics Coordinator,Bachelor,Good,No,52371,61125,2006-08-09,
00-34522278,Majja,Baranova,Female,Moscow,Moscow,2017-04-19,Sales,Sales Consultant,Bachelor,Excellent,No,82218,89244,1980-03-28,
00-37526661,Svjatoslav,Moiseev,Male,Kazan,Kazan,2023-02-19,Marketing,Marketing Coordinator,Bachelor,Satisfactory,No,68857,81349,1984-12-07,
00-24717401,Klavdij,Popov,Male,Kazan,Kazan,2024-03-13,Sales,Sales Consultant,PhD,Good,No,71115,83722,1963-10-08,
00-80162459,Varvara,Trofimova,Female,Moscow,Moscow,2023-06-08,Marketing,Content Creator,Bachelor,Good,No,57570,61021,1989-09-22,
00-97644560,Lukija,Sharapova,Female,Moscow,Moscow,2023-05-28,IT,System Administrator,Master,Good,Yes,83818,96149,1995-02-03,
00-58156544,Luk'jan,Shirjaev,Male,Kazan,Kazan,2024-08-04,Finance,Accounts Payable Specialist,Bachelor,Good,No,51953,63209,1990-03-02,
00-51002860,Pelageja,Aleksandrova,Female,Moscow,Moscow,2023-03-12,Sales,Sales Specialist,Master,Good,No,72194,88884,1973-11-07,
00-51746986,Julija,Kalashnikova,Female,Moscow,Moscow,2023-07-15,Sales,Sales Specialist,Bachelor,Good,No,67344,68721,2006-01-12,
00-38347790,Mitofan,Golubev,Male,Moscow,Moscow,2022-03-25,Sales,Sales Consultant,Bachelor,Satisfactory,No,84774,98232,2004-10-19,
00-13300631,Nikandr,Fedotov,Male,Moscow,Moscow,2020-08-11,Operations,Inventory Specialist,High School,Excellent,No,52446,58406,1994-11-22,
00-15713648,Vladlen,D'jachkov,Male,Moscow,Moscow,2015-07-16,Operations,Operations Analyst,Bachelor,Excellent,Yes,63895,73308,2004-07-07,
00-32956962,Potap,Kononov,Male,Moscow,Moscow,2017-04-12,Operations,Logistics Coordinator,Bachelor,Good,Yes,53988,62459,1997-07-18,
00-36424971,Lukija,Gavrilova,Female,Moscow,Moscow,2022-12-27,IT,Software Developer,Master,Satisfactory,No,91128,111195,1977-05-11,
00-49807307,Varvara,Zinov'eva,Female,Moscow,Moscow,2024-08-02,Customer Service,Support Specialist,Bachelor,Good,No,53906,57598,1998-01-30,
00-34704197,Semen,Zaharov,Male,Moscow,Moscow,2023-05-13,IT,Software Developer,Bachelor,Satisfactory,No,71041,82961,2002-03-27,2023-12-03
00-83304985,Viktorija,Kirillova,Female,Moscow,Moscow,2023-08-15,Sales,Sales Representative,Bachelor,Excellent,No,59564,62710,2000-06-07,
00-91451870,Kirill,Mel'nikov,Male,Moscow,Moscow,2024-05-02,Marketing,Content Creator,High School,Satisfactory,Yes,51819,55968,2004-03-05,
00-58939085,Mstislav,Kazakov,Male,Moscow,Moscow,2022-11-27,Sales,Sales Representative,Bachelor,Good,No,52364,61292,1993-10-02,
00-81973747,Maksimil'jan,Fokin,Male,Moscow,Moscow,2017-07-02,Operations,Inventory Specialist,High School,Good,No,56306,60085,1993-11-17,
00-23171197,Oksana,Bogdanova,Female,Moscow,Moscow,2020-03-04,Finance,Financial Analyst,Bachelor,Satisfactory,No,64627,67074,2007-06-06,
00-97442332,Nifont,Belozerov,Male,Moscow,Moscow,2016-03-15,Finance,Financial Analyst,Bachelor,Good,No,73365,86306,1987-02-19,
00-62714885,Lidija,Orehova,Female,Moscow,Moscow,2020-05-14,Operations,Logistics Coordinator,Bachelor,Good,No,58903,60381,2005-09-20,
00-95301977,Ljubov',Gordeeva,Female,Moscow,Moscow,2017-12-08,Customer Service,Help Desk Technician,Bachelor,Good,No,52597,55769,2002-06-12,
00-57767776,Kira,Shirjaeva,Female,Moscow,Moscow,2021-05-01,Operations,Operations Analyst,Master,Good,No,51320,59561,1996-08-27,
00-62140784,Marfa,Volkova,Female,Kazan,Kazan,2023-07-07,Operations,Inventory Specialist,High School,Good,No,58356,63117,1992-01-11,2024-08-22
00-79344576,Timofej,Bogdanov,Male,Moscow,Moscow,2015-10-31,Customer Service,Help Desk Technician,Bachelor,Good,No,70623,83964,1987-05-13,
00-47380747,Svetlana,Komarova,Female,Kazan,Kazan,2015-11-12,Sales,Sales Specialist,Bachelor,Satisfactory,No,79445,81009,2007-10-02,
00-30811116,Gremislav,Kornilov,Male,Moscow,Moscow,2020-06-26,Marketing,Content Creator,Bachelor,Satisfactory,No,57063,67929,1993-09-17,
00-59182411,Budimir,Murav'ev,Male,Kazan,Kazan,2022-04-24,Operations,Operations Analyst,Master,Excellent,No,74716,79653,1977-01-06,
00-67288647,Ninel',Danilova,Female,Moscow,Moscow,2020-04-13,Sales,Sales Specialist,Master,Excellent,No,68716,76884,1983-03-05,
00-91561534,Igor',Ponomarev,Male,Moscow,Moscow,2018-03-13,Customer Service,Help Desk Technician,Bachelor,Good,Yes,57084,66089,2003-08-21,
00-19636622,Varvara,Kabanova,Female,Moscow,Moscow,2023-03-19,Operations,Logistics Coordinator,Bachelor,Satisfactory,No,54034,56996,2005-10-27,
00-27355692,Dobromysl,Arhipov,Male,Kazan,Kazan,2018-09-28,Marketing,Content Creator,Bachelor,Good,Yes,52022,59615,2001-01-13,
00-41098444,Ksenija,Rybakova,Female,Moscow,Moscow,2016-02-18,Operations,Inventory Specialist,Bachelor,Good,No,52862,55346,1992-08-01,2017-05-21
00-21307139,Svjatopolk,Karpov,Male,Moscow,Moscow,2023-06-10,Operations,Logistics Coordinator,Bachelor,Satisfactory,No,56860,69094,1995-06-02,
00-11127826,Marija,Denisova,Female,Moscow,Moscow,2024-04-09,Operations,Operations Analyst,Master,Satisfactory,No,55581,66202,1981-05-16,
00-14158944,Evsej,Zhuravlev,Male,Moscow,Moscow,2016-08-03,Customer Service,Support Specialist,High School,Excellent,No,51313,54840,2001-02-18,
00-85804956,Svjatoslav,Ovchinnikov,Male,Moscow,Moscow,2021-08-28,Finance,Financial Analyst,PhD,Excellent,No,86838,99657,1964-07-04,
00-97287950,Jakov,Jakushev,Male,Moscow,Moscow,2022-09-18,Sales,Sales Specialist,PhD,Good,No,77422,83559,1971-04-11,
00-13767126,Mina,Vlasov,Male,Moscow,Moscow,2020-04-21,Customer Service,Support Specialist,Bachelor,Needs Improvement,No,56400,64800,2002-06-04,
00-88795402,Alevtina,Vorob'eva,Female,Moscow,Moscow,2024-11-20,Sales,Sales Representative,Bachelor,Good,No,69993,73268,1994-09-13,
00-73814337,Kuz'ma,Kolesnikov,Male,Moscow,Moscow,2021-09-02,IT,Software Developer,Master,Good,No,92653,101792,1985-10-04,
00-71865678,Kira,Lihacheva,Female,Moscow,Moscow,2022-06-25,Operations,Logistics Coordinator,Bachelor,Satisfactory,No,51388,54185,1989-04-01,
00-66847698,Spiridon,Gavrilov,Male,Moscow,Moscow,2021-07-30,Customer Service,Customer Service Manager,PhD,Good,No,72861,75529,1997-10-22,
00-52403342,Dar'ja,Osipova,Female,Moscow,Moscow,2023-06-03,Operations,Operations Analyst,Master,Good,Yes,50984,57625,1993-06-01,
00-62446558,Alla,Baranova,Female,Moscow,Moscow,2016-01-19,Operations,Logistics Coordinator,Bachelor,Good,No,51255,53888,1983-04-10,
00-91450380,Valerija,Lobanova,Female,Kazan,Kazan,2018-04-22,Operations,Inventory Specialist,Bachelor,Good,Yes,55328,56662,2004-06-27,
00-17882489,Gordej,Nikitin,Male,Moscow,Moscow,2024-02-14,Sales,Sales Specialist,Master,Good,No,78076,84058,1983-08-13,
00-58617395,Taisija,Scherbakova,Female,Moscow,Moscow,2017-07-06,Operations,Inventory Specialist,High School,Good,Yes,56234,61445,1985-03-15,
00-26435884,Ksenija,Moiseeva,Female,Moscow,Moscow,2024-02-03,Customer Service,Customer Service Representative,High School,Good,Yes,59387,66215,1983-08-29,
00-90546649,Evdokim,Kulikov,Male,Kazan,Kazan,2017-11-02,Customer Service,Customer Service Representative,Bachelor,Needs Improvement,Yes,56697,68050,1990-04-26,
00-47289046,Marina,Samojlova,Female,Moscow,Moscow,2015-07-12,Customer Service,Customer Service Representative,Bachelor,Satisfactory,Yes,56842,58459,1999-01-07,2022-08-16
00-40672990,Zoja,Teterina,Female,Moscow,Moscow,2016-12-15,Sales,Sales Representative,Bachelor,Satisfactory,No,66784,72891,1988-10-22,
00-68509141,Majja,Ustinova,Female,Moscow,Moscow,2022-03-10,Sales,Sales Specialist,Master,Excellent,Yes,71366,83344,1988-05-02,
00-64402340,Emel'jan,Fadeev,Male,Moscow,Moscow,2022-11-04,Finance,Finance Manager,PhD,Good,No,115689,127895,1966-10-21,
00-55593143,Velimir,Vishnjakov,Male,Moscow,Moscow,2020-03-28,Customer Service,Support Specialist,High School,Excellent,No,55217,60749,1998-10-07,2022-04-02
00-75094789,Ananij,Lukin,Male,Moscow,Moscow,2018-07-18,HR,Recruiter,High School,Satisfactory,No,57961,63499,1995-10-30,
00-93810432,Ninel',Kiseleva,Female,Moscow,Moscow,2021-06-28,Sales,Sales Representative,Bachelor,Excellent,No,54657,57396,1999-06-18,2024-04-25
00-93154803,Spiridon,Gerasimov,Male,Kazan,Kazan,2018-12-17,IT,Software Developer,Master,Good,Yes,75841,82094,1970-12-09,
00-40938572,Ferapont,D'jachkov,Male,Moscow,Moscow,2018-11-05,Customer Service,Help Desk Technician,Bachelor,Satisfactory,No,51508,60441,2002-07-31,
00-45771525,Arefij,Kudrjashov,Male,Moscow,Moscow,2021-04-20,Sales,Sales Manager,Master,Satisfactory,No,96481,101082,1987-12-19,
00-27023623,Semen,Blinov,Male,Moscow,Moscow,2023-05-11,IT,IT Support Specialist,High School,Good,No,57593,63536,1986-09-28,
00-99419292,Militsa,Mihajlova,Female,Moscow,Moscow,2024-01-29,Operations,Operations Analyst,Master,Good,No,64420,72011,1999-03-20,
00-47453424,Regina,Panova,Female,Kazan,Kazan,2017-07-24,Customer Service,Customer Service Representative,High School,Good,Yes,58957,62719,1998-01-19,
00-66167141,Taisija,Vlasova,Female,Moscow,Moscow,2024-07-17,Customer Service,Customer Service Representative,High School,Needs Improvement,Yes,50690,55224,1981-02-21,
00-26006630,Praskov'ja,Davydova,Female,Moscow,Moscow,2022-06-01,Operations,Operations Analyst,Master,Good,Yes,69091,82380,1983-10-12,
00-94807209,Veronika,Kozlova,Female,Kazan,Kazan,2020-05-02,Customer Service,Support Specialist,Bachelor,Good,No,51764,55409,2000-05-17,
00-58677380,Afanasij,Lobanov,Male,Moscow,Moscow,2020-09-04,Sales,Sales Manager,Master,Excellent,No,97317,103390,1981-01-29,2021-04-24
00-89974268,Irina,Nikiforova,Female,Moscow,Moscow,2021-03-22,Sales,Sales Consultant,Master,Satisfactory,Yes,80382,91554,1986-01-10,2023-10-13
00-47075620,Nadezhda,Matveeva,Female,Kazan,Kazan,2018-10-19,Customer Service,Customer Service Representative,Bachelor,Good,Yes,50680,53387,1982-06-15,
00-51585789,Marfa,Nazarova,Female,Moscow,Moscow,2018-01-30,Sales,Sales Consultant,PhD,Excellent,No,89960,121997,1970-11-24,
00-54339657,Anikita,Bespalov,Male,Moscow,Moscow,2024-04-14,IT,Software Developer,Master,Good,No,94485,108658,1970-05-08,
00-90301823,Mihail,Shubin,Male,Moscow,Moscow,2019-04-15,Operations,Inventory Specialist,High School,Good,No,59546,65429,1989-08-25,
00-33221103,Anzhelika,Lapina,Female,Moscow,Moscow,2021-02-14,Operations,Inventory Specialist,Bachelor,Good,No,53072,56686,1988-03-20,
00-37509257,Alina,Andreeva,Female,Moscow,Moscow,2024-12-22,Sales,Sales Specialist,Master,Good,Yes,55457,62450,1999-08-13,
00-93286734,Veronika,Golubeva,Female,Moscow,Moscow,2018-08-08,Sales,Sales Representative,Bachelor,Good,No,58719,64009,1989-10-24,
00-56962246,Vsevolod,Ustinov,Male,Kazan,Kazan,2023-12-18,Operations,Logistics Coordinator,Bachelor,Good,No,53915,65884,1990-11-19,
00-29039116,Tverdislav,Sergeev,Male,Moscow,Moscow,2017-03-06,IT,System Administrator,Master,Good,No,69528,76086,1993-09-06,
00-54611362,Milovan,Tsvetkov,Male,Kazan,Kazan,2024-10-30,Marketing,Marketing Coordinator,Bachelor,Good,Yes,68776,78833,2006-05-06,
00-96210319,Adam,Nesterov,Male,Moscow,Moscow,2019-02-22,IT,System Administrator,Bachelor,Satisfactory,No,70101,83553,1985-12-14,
00-79221072,Oksana,Ermakova,Female,Moscow,Moscow,2018-06-15,IT,Software Developer,Master,Good,No,86395,97403,2001-04-18,
00-82127804,Makar,Sitnikov,Male,Moscow,Moscow,2016-03-02,Customer Service,Help Desk Technician,High School,Satisfactory,No,51323,54333,2005-12-15,
00-80529606,Ipatij,Sitnikov,Male,Moscow,Moscow,2016-01-04,Operations,Operations Manager,Bachelor,Satisfactory,No,75984,96213,1967-05-18,
00-43584853,Nina,Simonova,Female,Moscow,Moscow,2017-10-06,Sales,Sales Specialist,Bachelor,Good,Yes,62680,67304,1984-01-06,
00-75161987,Evfrosinija,Romanova,Female,Kazan,Kazan,2024-12-14,IT,IT Support Specialist,Bachelor,Good,No,59057,61952,2001-08-16,
00-51721442,Julija,Kazakova,Female,Moscow,Moscow,2017-05-11,Operations,Inventory Specialist,High School,Good,Yes,50068,51792,1999-10-24,
00-68822537,Antonina,Kostina,Female,Moscow,Moscow,2017-06-28,Marketing,SEO Specialist,Bachelor,Satisfactory,No,61708,64234,1995-09-13,2021-08-14
00-19016518,Naina,Efimova,Female,Moscow,Moscow,2023-04-29,HR,Recruiter,High School,Satisfactory,No,63085,67207,1989-04-21,
00-41301402,Tat'jana,Antonova,Female,Moscow,Moscow,2017-07-16,Sales,Sales Consultant,PhD,Excellent,Yes,84867,107212,1973-06-22,
00-46768723,Svetlana,Efremova,Female,Kazan,Kazan,2021-12-26,IT,Software Developer,Master,Excellent,Yes,83513,94185,1998-10-29,
00-95521318,Avksentij,Petuhov,Male,Moscow,Moscow,2017-08-15,Operations,Logistics Coordinator,Bachelor,Satisfactory,Yes,58780,72088,1986-04-15,2021-04-06
00-34567778,Fedot,Veselov,Male,Moscow,Moscow,2019-02-20,Operations,Logistics Coordinator,Bachelor,Satisfactory,Yes,58445,67690,1992-05-17,
00-51622588,Anastasija,Rusakova,Female,Moscow,Moscow,2019-04-26,Customer Service,Customer Service Representative,Bachelor,Good,Yes,58092,62326,1981-12-25,
00-74903224,Sofija,Nesterova,Female,Moscow,Moscow,2019-10-12,Sales,Sales Representative,Bachelor,Good,Yes,65837,71020,1993-11-06,2024-09-09
00-72459064,Evfrosinija,Doronina,Female,Moscow,Moscow,2018-02-14,Customer Service,Customer Service Representative,High School,Good,Yes,54378,57810,1994-09-20,
00-46642524,Angelina,Kostina,Female,Kazan,Kazan,2022-03-05,Operations,Logistics Coordinator,Bachelor,Good,Yes,50622,51935,2000-08-06,
00-36370610,Nina,Zykova,Female,Moscow,Moscow,2017-12-26,IT,IT Support Specialist,Bachelor,Excellent,No,56005,62171,1984-03-27,
00-80600044,Matvej,Fedotov,Male,Moscow,Moscow,2023-10-11,Customer Service,Support Specialist,High School,Satisfactory,No,59501,65767,1984-06-24,
00-75088709,Polikarp,Poljakov,Male,Moscow,Moscow,2020-11-28,IT,System Administrator,Bachelor,Good,No,76635,88991,1999-01-27,2022-05-06
00-98904046,Luk'jan,Shirjaev,Male,Moscow,Moscow,2022-01-19,Operations,Operations Analyst,Bachelor,Satisfactory,No,55061,64030,2004-02-19,
00-55582968,Larisa,Nesterova,Female,Moscow,Moscow,2018-09-09,Sales,Sales Specialist,Bachelor,Satisfactory,No,68757,72661,1981-02-08,
00-51147290,Evfrosinija,Samojlova,Female,Moscow,Moscow,2017-03-21,Operations,Logistics Coordinator,Bachelor,Good,No,53096,55702,2007-10-27,
00-19974396,Artem,Sharapov,Male,Moscow,Moscow,2023-02-04,IT,Software Developer,Bachelor,Good,Yes,74201,88060,1992-12-31,
00-49196905,Ol'ga,Gorshkova,Female,Moscow,Moscow,2019-11-23,Sales,Sales Representative,Bachelor,Good,Yes,56456,58603,1994-05-21,
00-48908309,Galina,Kopylova,Female,Moscow,Moscow,2023-03-15,Operations,Inventory Specialist,Bachelor,Satisfactory,No,55948,58666,2005-03-11,
00-30334804,Ruslan,Lukin,Male,Moscow,Moscow,2022-10-10,IT,IT Support Specialist,High School,Satisfactory,Yes,50461,53631,1997-08-09,
00-79836515,Lukija,Ponomareva,Female,Moscow,Moscow,2019-11-04,Sales,Sales Representative,Bachelor,Good,No,58424,62225,1980-05-21,2022-02-04
00-52179450,Vsemil,Kapustin,Male,Moscow,Moscow,2017-09-06,Sales,Sales Specialist,Master,Good,Yes,68733,72749,1992-09-01,
00-66725883,Taras,Voronov,Male,Moscow,Moscow,2019-09-19,Sales,Sales Manager,PhD,Satisfactory,Yes,97547,107371,1991-10-07,
00-16952784,German,Andreev,Male,Moscow,Moscow,2017-03-15,Sales,Sales Consultant,PhD,Good,No,80111,88248,1972-06-02,
00-70804589,Ostap,Sobolev,Male,Moscow,Moscow,2016-03-05,Sales,Sales Representative,Bachelor,Good,No,55929,64813,1994-08-11,
00-51245600,Julija,Bogdanova,Female,Moscow,Moscow,2017-04-30,Marketing,Content Creator,High School,Satisfactory,No,56001,59369,1989-10-23,
00-38291759,Radim,Miheev,Male,Moscow,Moscow,2016-02-03,Sales,Sales Consultant,Master,Good,Yes,88217,95213,1994-06-03,
00-84049438,Nikifor,Burov,Male,Moscow,Moscow,2018-03-14,Operations,Logistics Coordinator,Bachelor,Good,Yes,58852,70225,1986-03-17,2019-07-03
00-75803971,Filimon,Kulagin,Male,Moscow,Moscow,2018-03-07,IT,Software Developer,Bachelor,Good,No,83193,98778,2001-01-01,
00-22502288,Ul'jana,Baranova,Female,Moscow,Moscow,2024-01-31,Sales,Sales Representative,Bachelor,Good,No,67356,70779,2006-09-29,
00-29610355,Gurij,Vladimirov,Male,Moscow,Moscow,2023-04-29,Customer Service,Customer Service Representative,High School,Good,Yes,59836,63251,2007-09-10,
00-60994370,Fevronija,Nesterova,Female,Moscow,Moscow,2023-03-03,Operations,Inventory Specialist,Bachelor,Satisfactory,No,57444,58804,2002-07-29,
00-44413132,Elizaveta,Voronova,Female,Moscow,Moscow,2024-09-23,Customer Service,Help Desk Technician,High School,Good,No,64301,66732,1993-12-10,
00-80918566,Pelageja,Grishina,Female,Moscow,Moscow,2023-11-20,Customer Service,Customer Service Representative,Bachelor,Satisfactory,No,53597,55712,2004-10-04,2024-09-28
00-35320403,Gordej,Sysoev,Male,Moscow,Moscow,2016-02-02,Operations,Logistics Coordinator,Bachelor,Good,No,50365,60183,2000-09-04,
00-37833338,Oksana,Kosheleva,Female,Moscow,Moscow,2022-12-28,IT,IT Support Specialist,High School,Excellent,No,55231,60117,1991-07-28,
00-84042520,Feliks,Naumov,Male,Moscow,Moscow,2016-03-24,Operations,Inventory Specialist,High School,Satisfactory,No,56448,62796,1997-07-01,
00-42085632,Serafim,Evseev,Male,Moscow,Moscow,2017-11-27,Marketing,Content Creator,High School,Good,No,56912,61024,1986-03-10,
00-81635888,Veronika,Rozhkova,Female,Moscow,Moscow,2020-04-10,Operations,Operations Analyst,Bachelor,Good,No,63628,68183,1980-11-03,2024-02-15
00-69535547,Taisija,Kirillova,Female,Moscow,Moscow,2016-03-31,Operations,Logistics Coordinator,Bachelor,Needs Improvement,Yes,55090,59474,1996-09-23,2019-11-22
00-92861537,Ivanna,Maksimova,Female,Moscow,Moscow,2020-01-29,Operations,Inventory Specialist,High School,Needs Improvement,No,58457,62167,1981-03-13,
00-86248344,Galina,Hohlova,Female,Kazan,Kazan,2023-04-09,Sales,Sales Specialist,Bachelor,Good,No,72836,77254,2004-04-15,
00-96446530,Trifon,Shashkov,Male,Moscow,Moscow,2016-07-28,Operations,Logistics Coordinator,Bachelor,Good,No,51483,62482,1986-11-03,
00-50428986,Alevtina,Kotova,Female,Moscow,Moscow,2015-08-07,IT,System Administrator,Master,Excellent,No,78364,89849,1971-01-03,
00-76310203,Radim,Nikonov,Male,Moscow,Moscow,2018-07-09,Customer Service,Help Desk Technician,High School,Good,No,60548,66029,2003-11-02,
00-63706111,Evstignej,Evdokimov,Male,Moscow,Moscow,2016-06-07,Operations,Operations Analyst,Master,Satisfactory,Yes,59251,63279,1991-12-19,
00-83326945,Tamara,Koroleva,Female,Moscow,Moscow,2024-09-02,Operations,Inventory Specialist,Bachelor,Good,Yes,57047,61691,1980-05-27,
00-80063768,Adam,Kuznetsov,Male,Moscow,Moscow,2019-02-14,Operations,Logistics Coordinator,Bachelor,Good,No,58117,67828,1999-05-16,
00-83777002,Sinklitikija,Baranova,Female,Kazan,Kazan,2019-05-27,HR,Recruiter,Bachelor,Satisfactory,No,64227,66621,2005-05-20,
00-11088886,Fedosij,Nikitin,Male,Moscow,Moscow,2023-02-02,Operations,Inventory Specialist,High School,Good,No,54083,59244,1999-12-23,
00-60002179,Terentij,Avdeev,Male,Moscow,Moscow,2019-02-01,Operations,Operations Analyst,Bachelor,Good,No,71413,84451,2004-05-28,
00-28967655,Demid,Evseev,Male,Moscow,Moscow,2015-04-18,IT,IT Support Specialist,High School,Satisfactory,Yes,57248,62222,1990-05-02,
00-19752617,Galina,Fomicheva,Female,Moscow,Moscow,2020-05-27,IT,Software Developer,Master,Good,Yes,76610,87938,1994-06-16,
00-93536532,Mark,Kondrat'ev,Male,Moscow,Moscow,2017-01-04,Operations,Logistics Coordinator,Bachelor,Good,Yes,57825,66621,1999-06-02,
00-51826926,Valentina,Fedorova,Female,Moscow,Moscow,2017-01-04,Sales,Sales Consultant,Master,Good,No,77107,88120,1998-12-28,
00-64676918,Moisej,Belousov,Male,Kazan,Kazan,2017-04-21,Sales,Sales Representative,Bachelor,Good,Yes,62582,73525,1992-08-04,
00-79146065,Miron,Kovalev,Male,Moscow,Moscow,2022-11-30,IT,Software Developer,Master,Satisfactory,No,88884,95188,1976-11-08,
00-80360331,Faina,Romanova,Female,Moscow,Moscow,2016-06-09,Operations,Logistics Coordinator,Bachelor,Satisfactory,Yes,58409,61309,2001-05-12,
00-16032119,Valerij,Shashkov,Male,Moscow,Moscow,2023-09-13,Sales,Sales Representative,Bachelor,Excellent,No,63722,78465,1981-06-28,
00-97265133,Nadezhda,Davydova,Female,Moscow,Moscow,2024-12-12,Sales,Sales Consultant,PhD,Good,Yes,85286,109938,1974-09-01,
00-48492362,Majja,Kiseleva,Female,Moscow,Moscow,2018-02-08,Operations,Inventory Specialist,Bachelor,Good,Yes,59847,64548,1986-08-31,
00-97804095,Kir,Danilov,Male,Moscow,Moscow,2016-09-11,Operations,Inventory Specialist,Bachelor,Satisfactory,No,55888,65681,2004-02-15,
00-15706617,Zoja,Guljaeva,Female,Moscow,Moscow,2016-10-07,Operations,Inventory Specialist,Bachelor,Good,No,55496,62706,1980-09-20,
00-28886040,Ol'ga,Aleksandrova,Female,Moscow,Moscow,2016-01-02,Sales,Sales Specialist,Bachelor,Needs Improvement,No,75165,82400,1981-11-15,
00-30176483,Anzhelika,Vlasova,Female,Kazan,Kazan,2017-01-03,Operations,Inventory Specialist,High School,Good,No,56638,63184,1981-10-24,
00-77577489,Ivan,Bykov,Male,Moscow,Moscow,2020-12-06,HR,HR Coordinator,Bachelor,Satisfactory,No,55480,64444,1999-09-29,
00-33763152,Sinklitikija,Samojlova,Female,Moscow,Moscow,2020-11-09,Operations,Inventory Specialist,Bachelor,Needs Improvement,Yes,54087,58809,1990-04-10,
00-57401696,Nikodim,Doronin,Male,Moscow,Moscow,2024-09-11,Sales,Sales Specialist,Bachelor,Satisfactory,No,61225,71465,1995-07-02,
00-39979517,Nikandr,Shubin,Male,Moscow,Moscow,2023-01-25,Operations,Inventory Specialist,High School,Satisfactory,Yes,58227,61461,2004-11-11,
00-12617897,Gleb,Koshelev,Male,Moscow,Moscow,2022-06-12,Operations,Inventory Specialist,Bachelor,Good,Yes,56262,64487,1998-04-26,
00-47917237,Prohor,Nikiforov,Male,Moscow,Moscow,2019-07-20,Operations,Operations Analyst,Master,Excellent,No,75528,79243,1998-04-13,
00-71162966,Izmail,Vasil'ev,Male,Moscow,Moscow,2022-01-01,Customer Service,Support Specialist,High School,Excellent,No,55931,60725,1986-06-25,
00-32520169,Evsej,Veselov,Male,Moscow,Moscow,2023-06-29,Sales,Sales Representative,Bachelor,Satisfactory,No,68149,81302,1999-07-20,
00-11386615,Feliks,Veselov,Male,Moscow,Moscow,2017-10-03,IT,Software Developer,Master,Good,No,81436,87225,1985-11-09,2020-05-23
00-68208491,Dar'ja,Rusakova,Female,Moscow,Moscow,2017-02-19,Sales,Sales Consultant,Master,Good,Yes,82703,92302,1998-06-05,
00-12780325,Artemij,Tihonov,Male,Moscow,Moscow,2024-02-17,Operations,Inventory Specialist,High School,Satisfactory,Yes,52701,57953,1983-12-20,
00-57646768,Julija,Suhanova,Female,Moscow,Moscow,2018-12-26,HR,Recruiter,High School,Satisfactory,No,68950,76022,1981-10-10,
00-22618010,Aver'jan,Filippov,Male,Moscow,Moscow,2021-06-18,Operations,Inventory Specialist,Bachelor,Needs Improvement,Yes,59551,71157,2000-10-20,
00-59916606,Ljudmila,Vorob'eva,Female,Moscow,Moscow,2019-04-23,Operations,Inventory Specialist,Bachelor,Good,No,59535,64000,1991-06-09,
00-53654794,Mefodij,Lebedev,Male,Moscow,Moscow,2015-02-09,Operations,Logistics Coordinator,Bachelor,Good,No,51569,61835,1985-03-04,
00-50617482,Natal'ja,Frolova,Female,Moscow,Moscow,2020-04-07,Marketing,Marketing Manager,Master,Good,Yes,82505,93541,1985-04-21,
00-81108273,Aristarh,Aksenov,Male,Moscow,Moscow,2021-02-19,Sales,Sales Manager,Master,Satisfactory,No,76645,81761,1979-04-02,
00-84462288,Jan,Avdeev,Male,Kazan,Kazan,2023-01-04,HR,HR Coordinator,Bachelor,Good,No,58514,68857,2001-09-10,
00-50089162,Zosima,Kalinin,Male,Moscow,Moscow,2021-02-09,Sales,Sales Representative,Bachelor,Good,No,62935,74767,2003-03-14,
00-85066708,Veronika,Lebedeva,Female,Moscow,Moscow,2018-10-16,Marketing,SEO Specialist,High School,Good,No,64699,68596,1988-12-22,
00-17729439,Terentij,Gordeev,Male,Moscow,Moscow,2024-02-02,Operations,Inventory Specialist,High School,Needs Improvement,No,58376,63364,2001-06-18,
00-42109187,Evfrosinija,Zaharova,Female,Moscow,Moscow,2024-12-19,Finance,Finance Manager,PhD,Satisfactory,No,114277,144965,1960-03-12,
00-98776335,Januarij,Kovalev,Male,Moscow,Moscow,2023-02-03,IT,System Administrator,Master,Satisfactory,No,73702,77260,1994-02-23,2024-06-08
00-37438794,Boleslav,Strelkov,Male,Moscow,Moscow,2023-10-01,Marketing,SEO Specialist,Bachelor,Good,No,67157,80611,1982-11-02,
00-21729623,Ljudmila,D'jachkova,Female,Moscow,Moscow,2024-06-23,IT,Software Developer,Master,Good,No,93570,109696,1985-08-01,
00-18848796,Vseslav,Isaev,Male,Moscow,Moscow,2021-03-06,Marketing,SEO Specialist,Bachelor,Satisfactory,Yes,50695,62416,1985-06-10,
00-67823652,Polina,Shirjaeva,Female,Moscow,Moscow,2024-06-04,Marketing,SEO Specialist,Bachelor,Good,No,54075,57774,2002-04-22,
00-55696558,Evgenija,Grishina,Female,Moscow,Moscow,2024-02-24,Operations,Operations Analyst,Master,Excellent,No,64731,74654,1997-09-03,
00-16043966,Prokl,Simonov,Male,Moscow,Moscow,2019-02-11,IT,Software Developer,Bachelor,Satisfactory,No,91861,109964,1984-07-29,
00-60171091,Arkadij,Novikov,Male,Moscow,Moscow,2018-06-22,Sales,Sales Representative,Bachelor,Good,No,69455,82312,1989-12-26,
00-16911920,Alla,Kopylova,Female,Moscow,Moscow,2021-09-25,Customer Service,Customer Service Manager,Master,Good,Yes,83251,102650,1963-09-25,
00-52302792,Luk'jan,Krjukov,Male,Kazan,Kazan,2022-01-05,Operations,Logistics Coordinator,Bachelor,Excellent,No,50388,58503,2007-06-20,2022-11-25
00-74427005,Ksenija,Sergeeva,Female,Moscow,Moscow,2023-07-18,Operations,Operations Analyst,Bachelor,Satisfactory,No,66462,69911,2007-04-10,
00-39436584,Naina,Knjazeva,Female,Moscow,Moscow,2021-01-27,IT,Software Developer,Bachelor,Good,Yes,89480,93590,1995-05-03,
00-22609025,Vladilen,Volkov,Male,Moscow,Moscow,2022-06-27,Operations,Logistics Coordinator,Bachelor,Good,No,59132,67934,2004-05-01,2023-12-10
00-76240134,Antonina,Belozerova,Female,Moscow,Moscow,2023-01-22,Sales,Sales Representative,Bachelor,Excellent,No,67157,72226,1998-09-07,
00-32009963,Panfil,Guljaev,Male,Moscow,Moscow,2020-10-26,Sales,Sales Representative,Bachelor,Good,No,69401,80655,2006-08-22,2021-08-26
00-72800652,Leonid,Judin,Male,Moscow,Moscow,2020-07-11,Finance,Accounts Payable Specialist,Bachelor,Satisfactory,No,54439,63308,1987-08-13,
00-62331825,Sergej,Krasil'nikov,Male,Moscow,Moscow,2022-06-05,IT,Software Developer,Bachelor,Good,No,83790,97302,1987-12-11,
00-35641891,Il'ja,Hohlov,Male,Moscow,Moscow,2023-06-23,Operations,Logistics Coordinator,Bachelor,Satisfactory,No,50038,60231,1991-01-04,2024-05-15
00-28089649,Vlas,Isaev,Male,Moscow,Moscow,2020-03-12,Sales,Sales Representative,Bachelor,Satisfactory,No,55720,65270,1988-05-21,
00-32639136,Agata,Subbotina,Female,Kazan,Kazan,2020-06-18,Sales,Sales Representative,Bachelor,Good,No,69583,73173,1988-11-13,
00-70082652,Maksim,Romanov,Male,Moscow,Moscow,2024-09-19,IT,Software Developer,Bachelor,Satisfactory,No,75032,87807,1994-06-13,
00-25389085,Igor',Kornilov,Male,Moscow,Moscow,2017-06-25,Sales,Sales Specialist,Bachelor,Good,Yes,58646,68244,1989-01-03,
00-65207212,Stepan,Kirillov,Male,Moscow,Moscow,2017-09-22,IT,Software Developer,Bachelor,Good,No,91664,108537,1991-10-27,2024-03-24
00-44407337,Anzhela,Nikitina,Female,Kazan,Kazan,2021-02-23,Sales,Sales Consultant,Bachelor,Excellent,Yes,66258,70363,1998-12-27,
00-54026657,Dobromysl,Nikonov,Male,Moscow,Moscow,2019-08-14,Customer Service,Help Desk Technician,High School,Satisfactory,Yes,54002,57237,1998-08-04,
00-70495597,Danila,Gorshkov,Male,Moscow,Moscow,2020-07-23,IT,Software Developer,Master,Satisfactory,Yes,88543,95181,1987-08-29,
00-68237359,Parfen,Uvarov,Male,Kazan,Kazan,2022-03-23,Sales,Sales Consultant,PhD,Satisfactory,Yes,62863,66728,1996-03-25,
00-36896326,Eduard,Ignatov,Male,Moscow,Moscow,2017-05-30,Sales,Sales Specialist,Bachelor,Good,No,79966,95812,1992-04-17,
00-86616001,Nina,Sorokina,Female,Moscow,Moscow,2022-03-06,Sales,Sales Representative,Bachelor,Good,Yes,52998,56686,1991-04-08,
00-97254753,Ljubov',Lihacheva,Female,Moscow,Moscow,2020-12-25,Customer Service,Help Desk Technician,High School,Good,No,54263,56364,2001-02-08,
00-21294231,Sergej,Filippov,Male,Moscow,Moscow,2020-09-06,Customer Service,Support Specialist,Bachelor,Satisfactory,No,56349,66058,1996-09-01,2021-10-27
00-32411486,Porfirij,Zaharov,Male,Kazan,Kazan,2022-01-08,Marketing,Marketing Coordinator,Bachelor,Satisfactory,Yes,61472,74396,1984-08-21,
00-94036548,Timur,Orlov,Male,Moscow,Moscow,2020-11-15,Marketing,Marketing Coordinator,Bachelor,Good,No,55681,66886,1980-05-28,
00-32842712,Iosif,Ustinov,Male,Moscow,Moscow,2015-08-10,Operations,Operations Analyst,Master,Satisfactory,No,52131,58242,1971-10-06,
00-73330964,Ostap,Vorontsov,Male,Moscow,Moscow,2022-04-14,IT,System Administrator,Bachelor,Good,No,77211,93114,1994-04-25,
00-75061882,Martyn,Isaev,Male,Moscow,Moscow,2022-12-08,Sales,Sales Representative,Bachelor,Good,No,65738,76603,1990-03-15,2024-06-19
00-28770840,Nina,Prohorova,Female,Moscow,Moscow,2017-01-25,Sales,Sales Representative,Bachelor,Excellent,Yes,58853,63140,1997-01-06,
00-21880265,Julija,Ivanova,Female,Moscow,Moscow,2023-02-14,Operations,Logistics Coordinator,Bachelor,Good,Yes,56114,57958,2005-03-31,
00-71788603,Stanimir,Knjazev,Male,Moscow,Moscow,2021-02-12,Operations,Inventory Specialist,Bachelor,Satisfactory,No,54291,65314,1983-02-16,
00-85429499,Praskov'ja,Potapova,Female,Moscow,Moscow,2020-01-12,Marketing,SEO Specialist,Bachelor,Good,Yes,75500,79009,2007-11-11,
00-29947918,Evsej,Lukin,Male,Moscow,Moscow,2024-11-22,Finance,Accounts Payable Specialist,Bachelor,Good,Yes,50521,59926,1996-07-30,
00-76505662,Anastasija,Kozlova,Female,Moscow,Moscow,2023-11-24,Finance,Accountant,Bachelor,Good,No,62555,66356,1992-09-11,
00-29631929,Vladilen,Gorbunov,Male,Kazan,Kazan,2023-05-20,Operations,Logistics Coordinator,Bachelor,Good,No,53198,61719,1988-07-12,
00-79332123,Januarij,Fokin,Male,Moscow,Moscow,2020-01-11,Sales,Sales Specialist,Bachelor,Good,Yes,60557,69700,1998-11-07,
00-43229218,Nonna,Sazonova,Female,Moscow,Moscow,2020-10-18,Operations,Operations Analyst,Bachelor,Good,No,65130,68467,1982-07-10,
00-94665321,Marija,Solov'eva,Female,Moscow,Moscow,2017-03-06,Operations,Inventory Specialist,High School,Good,Yes,54757,56548,2003-02-23,
00-20610725,Aristarh,Medvedev,Male,Moscow,Moscow,2019-12-12,Operations,Inventory Specialist,Bachelor,Good,Yes,53289,61640,2002-12-06,
00-83603119,Vasilij,Fedotov,Male,Moscow,Moscow,2017-09-01,Operations,Inventory Specialist,High School,Good,No,51753,56670,1998-03-10,2024-10-23
00-83138864,Ul'jan,Matveev,Male,Kazan,Kazan,2023-05-18,Operations,Logistics Coordinator,Bachelor,Good,No,52259,60301,1998-10-28,
00-99877566,Evdokija,Zimina,Female,Kazan,Kazan,2015-05-23,Finance,Accountant,Bachelor,Satisfactory,No,53817,57555,1990-06-20,
00-90568320,Larisa,Nikolaeva,Female,Kazan,Kazan,2015-02-09,Operations,Inventory Specialist,High School,Satisfactory,No,57806,63958,1981-09-26,
00-79852230,Gleb,Nikitin,Male,Kazan,Kazan,2016-09-21,Marketing,Content Creator,High School,Satisfactory,No,57081,61684,1999-04-07,
00-36851028,Erast,Panov,Male,Moscow,Moscow,2021-11-15,Operations,Logistics Coordinator,Bachelor,Good,No,50573,61353,1988-12-18,
00-84741734,Evdokim,Fadeev,Male,Moscow,Moscow,2017-02-27,IT,Software Developer,Master,Excellent,No,70172,74812,1986-11-13,
00-18383773,Valerija,Potapova,Female,Moscow,Moscow,2022-01-22,Customer Service,Support Specialist,High School,Satisfactory,No,56638,59632,1982-10-20,
00-12488456,Ul'jana,Kulikova,Female,Moscow,Moscow,2015-06-07,Operations,Logistics Coordinator,Bachelor,Good,Yes,58875,61481,1991-03-09,
00-81540506,Marina,Fomina,Female,Moscow,Moscow,2017-02-14,Sales,Sales Specialist,PhD,Good,No,57109,77451,1969-05-13,
00-50125402,Nestor,Moiseev,Male,Moscow,Moscow,2020-10-30,Operations,Logistics Coordinator,Bachelor,Good,Yes,54724,64115,2005-01-02,
00-21939324,Polina,Kostina,Female,Moscow,Moscow,2019-09-01,Customer Service,Customer Service Representative,High School,Good,No,52290,58374,1980-02-11,
00-81932208,Anastasija,Larionova,Female,Moscow,Moscow,2023-03-22,Operations,Operations Analyst,Master,Good,No,56001,67166,1970-09-29,
00-78529802,Karl,Kornilov,Male,Moscow,Moscow,2017-06-26,Marketing,SEO Specialist,Bachelor,Good,Yes,63579,74819,2001-04-02,
00-49644604,Viktorin,Larionov,Male,Moscow,Moscow,2016-12-11,HR,Recruiter,Bachelor,Good,No,55290,64761,2007-02-02,2018-05-27
00-31936080,Lora,Dmitrieva,Female,Moscow,Moscow,2024-01-01,Customer Service,Customer Service Representative,Bachelor,Satisfactory,Yes,58226,65094,1981-09-08,
00-13419022,Izjaslav,Pahomov,Male,Moscow,Moscow,2023-07-02,IT,System Administrator,Master,Good,No,62408,66729,1998-08-23,
00-11432523,Jakov,Gorbachev,Male,Moscow,Moscow,2017-10-24,IT,Software Developer,Master,Good,Yes,82267,87741,1992-09-11,
00-20720665,Bojan,Petrov,Male,Moscow,Moscow,2015-12-20,Sales,Sales Representative,Bachelor,Good,Yes,58758,70301,1996-03-02,
00-59799293,Aleksej,Kopylov,Male,Moscow,Moscow,2017-12-06,Operations,Inventory Specialist,High School,Excellent,No,58806,65235,1998-04-24,
00-58050857,Kir,Timofeev,Male,Moscow,Moscow,2016-03-25,Operations,Operations Analyst,Bachelor,Good,No,77133,97359,1980-06-07,
00-98314404,Anikej,Kuznetsov,Male,Moscow,Moscow,2020-08-13,Finance,Accounts Payable Specialist,Bachelor,Good,No,58398,68318,1997-06-05,
00-68872670,Nonna,Simonova,Female,Moscow,Moscow,2020-08-07,Marketing,SEO Specialist,High School,Good,No,67852,70660,1999-12-05,
00-22970331,Ol'ga,Solov'eva,Female,Kazan,Kazan,2023-09-08,IT,IT Support Specialist,Bachelor,Satisfactory,No,50018,54597,1992-07-09,
00-68526821,Valer'jan,Kalashnikov,Male,Moscow,Moscow,2023-10-02,Sales,Sales Representative,Bachelor,Satisfactory,No,52460,61063,2004-03-22,
00-64530558,Demid,Matveev,Male,Moscow,Moscow,2018-08-04,IT,IT Support Specialist,High School,Good,No,57978,64851,1995-07-16,
00-47591021,Januarij,Sysoev,Male,Moscow,Moscow,2024-11-05,Operations,Logistics Coordinator,Bachelor,Good,No,52300,61290,1992-02-20,
00-24595866,Emilija,Emel'janova,Female,Kazan,Kazan,2016-03-06,IT,System Administrator,Bachelor,Good,Yes,78550,82969,1989-08-07,
00-46704399,Pelageja,Davydova,Female,Moscow,Moscow,2017-12-28,Marketing,SEO Specialist,Bachelor,Needs Improvement,No,67741,71143,2005-05-15,
00-53728440,Fekla,Lavrent'eva,Female,Moscow,Moscow,2023-01-13,IT,IT Support Specialist,High School,Good,No,50725,52587,2000-09-02,2023-10-01
00-44460619,Valentina,Schukina,Female,Moscow,Moscow,2023-06-15,Marketing,SEO Specialist,High School,Satisfactory,No,51274,54618,1980-03-04,
00-74294672,Larisa,Komissarova,Female,Moscow,Moscow,2019-11-05,IT,Software Developer,Bachelor,Excellent,No,83868,89906,1983-10-11,
00-10540422,Marfa,Tsvetkova,Female,Moscow,Moscow,2016-11-28,IT,IT Support Specialist,High School,Needs Improvement,No,51616,56344,1990-01-06,
00-63712770,Tat'jana,Gavrilova,Female,Moscow,Moscow,2015-11-10,Sales,Sales Specialist,PhD,Good,No,52104,65346,1975-08-20,
00-40675951,Longin,Andreev,Male,Moscow,Moscow,2019-03-22,Sales,Sales Manager,Master,Good,No,85868,93593,1991-11-27,
00-76959357,Savva,Kuz'min,Male,Moscow,Moscow,2022-12-05,Sales,Sales Representative,Bachelor,Good,No,60716,73667,1986-12-23,2023-12-21
00-62715518,Nikolaj,Sharapov,Male,Moscow,Moscow,2023-04-20,Customer Service,Support Specialist,High School,Good,No,54779,60347,1998-05-25,
00-97846502,Vjacheslav,Golubev,Male,Moscow,Moscow,2018-09-09,Operations,Operations Analyst,Master,Excellent,No,77792,84110,1995-12-26,
00-19037519,Zosima,Vinogradov,Male,Moscow,Moscow,2016-10-15,Operations,Logistics Coordinator,Bachelor,Good,Yes,58424,69892,1986-09-24,2021-03-12
00-31071290,Veronika,Komissarova,Female,Kazan,Kazan,2021-11-10,Customer Service,Help Desk Technician,High School,Good,No,58187,62174,1999-12-10,
00-32566122,Pankrat,Il'in,Male,Kazan,Kazan,2022-04-24,IT,IT Manager,PhD,Satisfactory,No,108158,125645,1963-04-25,
00-70270113,Venedikt,Shubin,Male,Moscow,Moscow,2018-07-31,Customer Service,Customer Service Representative,Bachelor,Good,Yes,54074,63948,2001-06-23,
00-49999342,Antonina,Fedotova,Female,Moscow,Moscow,2024-06-08,Finance,Accounts Payable Specialist,Bachelor,Satisfactory,No,55867,59059,1993-07-06,
00-41693508,Ustin,Larionov,Male,Moscow,Moscow,2015-02-21,Operations,Inventory Specialist,Bachelor,Excellent,No,53842,61378,2003-09-10,
00-36313807,Innokentij,Markov,Male,Moscow,Moscow,2018-12-17,Customer Service,Help Desk Technician,High School,Needs Improvement,No,75926,83881,1998-08-24,
00-62673446,Evpraksija,Samsonova,Female,Moscow,Moscow,2020-12-12,Customer Service,Help Desk Technician,High School,Needs Improvement,No,79110,83422,1992-10-30,
00-33341304,Nina,Zaharova,Female,Moscow,Moscow,2024-09-06,Sales,Sales Representative,Bachelor,Satisfactory,No,58654,60377,1997-03-13,
00-18882302,Dorofej,Krasil'nikov,Male,Moscow,Moscow,2019-07-17,Operations,Logistics Coordinator,Bachelor,Good,Yes,56032,66691,1990-02-07,
00-20596217,Iosif,Belousov,Male,Kazan,Kazan,2021-04-22,Sales,Sales Representative,Bachelor,Satisfactory,No,55095,68850,1981-12-08,
00-61175360,Rodion,Sidorov,Male,Moscow,Moscow,2015-06-30,Finance,Accounts Payable Specialist,Bachelor,Satisfactory,No,56051,64542,2005-11-26,
00-72044366,Iraida,Kulikova,Female,Moscow,Moscow,2017-11-14,IT,IT Support Specialist,High School,Satisfactory,No,55188,58169,2006-02-15,
00-20174556,Stepan,Lazarev,Male,Kazan,Kazan,2018-07-08,Sales,Sales Representative,Bachelor,Good,No,55527,65232,1988-11-02,
00-56127637,Elizaveta,Lazareva,Female,Moscow,Moscow,2015-08-09,Customer Service,Help Desk Technician,High School,Good,Yes,61850,67911,1987-11-15,
00-55178333,Ljubosmysl,Kuznetsov,Male,Moscow,Moscow,2019-01-05,Operations,Operations Analyst,Master,Excellent,No,59286,65294,1970-01-25,
00-45741556,Eleonora,Selezneva,Female,Moscow,Moscow,2017-10-22,IT,IT Support Specialist,High School,Needs Improvement,Yes,58436,61257,2001-08-27,
00-65587131,Varvara,Rybakova,Female,Kazan,Kazan,2017-06-16,Sales,Sales Specialist,PhD,Satisfactory,Yes,55167,70136,1980-09-26,
00-92924491,Demid,Davydov,Male,Moscow,Moscow,2023-06-22,Customer Service,Help Desk Technician,High School,Satisfactory,No,69928,77712,1991-06-01,2024-03-03
00-40436408,Emilija,Moiseeva,Female,Moscow,Moscow,2017-08-27,Sales,Sales Manager,Master,Excellent,No,106069,121480,1979-07-18,
00-16892333,Vissarion,Timofeev,Male,Moscow,Moscow,2024-07-17,Operations,Logistics Coordinator,Bachelor,Good,No,53379,63639,1983-11-10,
00-97412252,Vera,Zykova,Female,Moscow,Moscow,2022-07-03,Operations,Inventory Specialist,High School,Satisfactory,No,56130,62194,1982-05-05,
00-29266782,Onufrij,Aksenov,Male,Moscow,Moscow,2015-06-27,Customer Service,Support Specialist,Bachelor,Satisfactory,Yes,58270,70526,1984-01-10,
00-59525431,Modest,Bol'shakov,Male,Kazan,Kazan,2020-05-13,Finance,Accountant,Bachelor,Good,No,50865,59365,1992-11-24,
00-21796803,Leon,Lapin,Male,Moscow,Moscow,2018-11-22,Finance,Accountant,Bachelor,Good,No,62007,72616,1984-01-15,
00-33115326,Julij,Shestakov,Male,Moscow,Moscow,2024-08-12,Customer Service,Customer Service Representative,High School,Good,Yes,59762,66505,1989-05-14,
00-93576261,Regina,Popova,Female,Moscow,Moscow,2016-06-18,IT,IT Support Specialist,Bachelor,Good,No,54860,57648,2005-02-24,2018-07-25
00-20868387,Demid,Ignat'ev,Male,Moscow,Moscow,2024-08-24,Operations,Inventory Specialist,High School,Good,No,55267,62449,1992-07-15,2025-06-04
00-85120404,Prokofij,Kozlov,Male,Moscow,Moscow,2018-05-06,Sales,Sales Manager,Master,Excellent,No,71356,75870,1982-12-31,
00-74154005,Raisa,Artem'eva,Female,Moscow,Moscow,2017-02-17,Sales,Sales Representative,Bachelor,Good,No,57173,61634,1989-04-26,
00-94157110,Sofija,Sharova,Female,Moscow,Moscow,2017-12-13,IT,IT Support Specialist,High School,Good,Yes,58597,63581,1993-10-02,
00-76742501,Galina,Baranova,Female,Moscow,Moscow,2018-12-19,Operations,Logistics Coordinator,Bachelor,Good,No,54424,58438,1998-05-10,
00-23551046,Julija,Zinov'eva,Female,Moscow,Moscow,2017-04-26,Customer Service,Support Specialist,Bachelor,Good,No,59221,63423,1980-11-21,
00-30208860,Anna,Selezneva,Female,Moscow,Moscow,2018-07-28,Marketing,Content Creator,High School,Good,Yes,53629,59839,1981-08-29,
00-25220935,Efim,Kudrjavtsev,Male,Moscow,Moscow,2024-11-23,Sales,Sales Consultant,Bachelor,Good,No,87284,100426,2001-09-24,
00-13787475,Harlampij,Egorov,Male,Moscow,Moscow,2019-07-05,Customer Service,Support Specialist,Bachelor,Good,Yes,59143,68497,1991-12-06,
00-16872421,Aver'jan,Beljaev,Male,Moscow,Moscow,2020-12-14,Operations,Logistics Coordinator,Bachelor,Satisfactory,Yes,58748,69619,1989-01-21,
00-42308939,Tamara,Knjazeva,Female,Moscow,Moscow,2022-11-18,Customer Service,Help Desk Technician,Bachelor,Satisfactory,Yes,74781,82229,1988-04-15,
00-11733854,Parfen,Fedoseev,Male,Moscow,Moscow,2024-12-17,Customer Service,Support Specialist,High School,Satisfactory,Yes,57931,64290,1996-08-14,
00-32241876,Isaj,Grishin,Male,Kazan,Kazan,2020-02-07,IT,System Administrator,Master,Good,No,83247,90273,1970-07-27,
00-94221938,Marina,Arhipova,Female,Moscow,Moscow,2019-04-13,Operations,Operations Analyst,Master,Good,Yes,72317,84630,1982-03-12,2022-09-12
00-19708745,Prokl,Kazakov,Male,Moscow,Moscow,2018-08-11,Operations,Inventory Specialist,High School,Satisfactory,Yes,58333,63575,1986-09-15,2023-03-31
00-26699987,Elena,Miheeva,Female,Kazan,Kazan,2015-02-08,Customer Service,Help Desk Technician,Bachelor,Good,No,66061,73544,1983-04-25,
00-23426763,Eduard,Nikonov,Male,Moscow,Moscow,2024-08-28,Sales,Sales Representative,Bachelor,Satisfactory,No,51515,64093,1983-07-04,
00-18059763,Fedot,Mihajlov,Male,Moscow,Moscow,2019-02-28,Operations,Inventory Specialist,Bachelor,Needs Improvement,No,58220,68982,2001-10-18,
00-96041789,Vissarion,Gorbunov,Male,Moscow,Moscow,2024-06-23,Sales,Sales Consultant,Master,Good,No,68540,71472,1995-06-27,
00-87848119,Aleksandra,Doronina,Female,Moscow,Moscow,2018-07-06,Customer Service,Customer Service Representative,Bachelor,Good,Yes,53901,56898,1992-03-09,
00-80959332,Rjurik,Gorshkov,Male,Kazan,Kazan,2019-11-12,Customer Service,Support Specialist,High School,Satisfactory,No,59513,63919,1983-01-11,
00-67420441,Filimon,Kabanov,Male,Moscow,Moscow,2020-05-20,Finance,Financial Analyst,Bachelor,Needs Improvement,No,80572,95425,1994-04-16,
00-83482948,Ilarion,Guschin,Male,Moscow,Moscow,2019-03-24,Customer Service,Help Desk Technician,Bachelor,Satisfactory,No,55937,66765,1997-04-29,
00-27734028,Fedosij,Abramov,Male,Moscow,Moscow,2021-04-20,Operations,Operations Analyst,Bachelor,Good,No,74020,86223,2006-04-26,
00-88730320,Juvenalij,Artem'ev,Male,Moscow,Moscow,2015-09-04,IT,IT Support Specialist,Bachelor,Satisfactory,No,54993,65124,2001-08-26,
00-72483297,Kapiton,Drozdov,Male,Kazan,Kazan,2023-09-03,Sales,Sales Representative,Bachelor,Good,No,55542,63744,2003-02-23,
00-54274708,Faina,Pestova,Female,Moscow,Moscow,2017-07-06,Finance,Financial Analyst,Master,Good,No,64913,75000,1992-10-01,
00-41365488,Militsa,Kolesnikova,Female,Moscow,Moscow,2023-05-05,Customer Service,Support Specialist,High School,Good,No,50734,55049,1992-01-31,
00-47685844,Aleksandra,Rusakova,Female,Moscow,Moscow,2020-11-23,Marketing,Marketing Coordinator,Bachelor,Satisfactory,No,68605,75204,1990-01-02,
00-19728956,Elisej,Fedorov,Male,Moscow,Moscow,2017-01-04,Marketing,Marketing Coordinator,Bachelor,Needs Improvement,No,58381,67424,1995-06-03,
00-34519969,Anna,Sergeeva,Female,Moscow,Moscow,2023-07-07,Customer Service,Help Desk Technician,Bachelor,Good,No,72636,77349,1998-09-28,
00-12964540,Zosima,Lihachev,Male,Moscow,Moscow,2017-07-06,Sales,Sales Consultant,Master,Excellent,No,76927,80936,1997-01-14,
00-85114158,Varfolomej,Volkov,Male,Moscow,Moscow,2023-12-05,Operations,Logistics Coordinator,Bachelor,Good,No,59241,70963,1995-11-20,
00-96594743,Jurij,Konstantinov,Male,Moscow,Moscow,2019-03-24,Customer Service,Help Desk Technician,Bachelor,Good,No,50305,60388,1989-03-13,
00-40000341,Taisija,Schukina,Female,Moscow,Moscow,2024-04-11,Sales,Sales Consultant,Bachelor,Satisfactory,No,88344,94208,1986-10-11,
00-65213948,Ul'jan,Lebedev,Male,Moscow,Moscow,2022-04-10,Sales,Sales Representative,Bachelor,Good,No,52885,61332,2007-05-09,
00-31977815,Averkij,Birjukov,Male,Moscow,Moscow,2017-06-04,IT,IT Support Specialist,Bachelor,Needs Improvement,No,52278,63606,1989-04-06,
00-56301260,Tat'jana,Ponomareva,Female,Moscow,Moscow,2023-07-05,Operations,Operations Analyst,Bachelor,Good,Yes,70767,78255,1982-07-29,
00-83824415,Mart'jan,Shubin,Male,Moscow,Moscow,2020-07-04,Sales,Sales Specialist,Master,Good,No,59403,61964,1989-03-16,
00-33069155,Luka,Solov'ev,Male,Moscow,Moscow,2024-08-29,Sales,Sales Specialist,Master,Good,Yes,62897,66637,1996-05-22,
00-33583311,Alevtina,Pestova,Female,Moscow,Moscow,2015-05-06,Operations,Logistics Coordinator,Bachelor,Satisfactory,No,58189,60150,1999-07-07,
00-82381235,Pavel,Panov,Male,Moscow,Moscow,2016-06-28,Operations,Inventory Specialist,Bachelor,Good,No,55866,63425,2007-01-16,
00-43131830,Emmanuil,Rybakov,Male,Moscow,Moscow,2023-12-30,Finance,Financial Analyst,Master,Satisfactory,No,61110,63315,2001-01-18,
00-44424448,Platon,Galkin,Male,Moscow,Moscow,2024-11-14,Operations,Logistics Coordinator,Bachelor,Good,Yes,58970,67995,1996-01-06,
00-65158143,Ipatij,Blinov,Male,Moscow,Moscow,2020-02-25,Sales,Sales Representative,Bachelor,Satisfactory,No,51793,60276,1995-10-30,
00-70706468,Amvrosij,Nazarov,Male,Moscow,Moscow,2018-06-09,IT,IT Support Specialist,Bachelor,Satisfactory,No,54432,65484,1984-05-12,
00-71280009,Tihon,Isaev,Male,Moscow,Moscow,2019-05-17,Sales,Sales Specialist,Master,Good,No,60966,69475,1972-05-16,
00-18882187,Marfa,Selezneva,Female,Kazan,Kazan,2022-12-04,Sales,Sales Representative,Bachelor,Good,Yes,60876,64062,1997-11-06,
00-10753428,Vladislav,Burov,Male,Kazan,Kazan,2016-10-28,IT,Software Developer,Master,Excellent,No,94801,105770,1971-01-13,
00-98820298,Trofim,Shirjaev,Male,Moscow,Moscow,2022-08-16,Customer Service,Help Desk Technician,Bachelor,Good,No,56192,68605,1981-11-04,
00-25806744,Raisa,Kapustina,Female,Kazan,Kazan,2020-02-17,Sales,Sales Representative,Bachelor,Needs Improvement,Yes,57174,60684,1994-10-09,
00-82658781,Ernest,Popov,Male,Moscow,Moscow,2015-05-15,Customer Service,Customer Service Representative,Bachelor,Good,No,54093,63170,2000-09-11,2018-02-27
00-36279841,Ermolaj,Pavlov,Male,Moscow,Moscow,2020-04-05,Sales,Sales Specialist,Bachelor,Satisfactory,No,79295,95137,1997-09-15,
00-18347989,Ladimir,Tsvetkov,Male,Moscow,Moscow,2015-02-09,Operations,Operations Analyst,Master,Excellent,No,64008,67846,1991-09-01,
00-26590839,Irina,Jakovleva,Female,Moscow,Moscow,2019-01-06,Finance,Accountant,Bachelor,Satisfactory,No,70923,74407,1998-06-16,
00-68725896,Alla,Mamontova,Female,Moscow,Moscow,2021-07-11,IT,Software Developer,Bachelor,Good,No,91889,93862,2007-08-28,
00-14003972,Angelina,Kuz'mina,Female,Moscow,Moscow,2021-04-02,Operations,Operations Analyst,Master,Good,No,60062,67866,1998-02-11,
00-61569623,Marina,Lebedeva,Female,Moscow,Moscow,2015-01-29,Finance,Accountant,Bachelor,Good,No,53829,56345,1994-06-12,
00-56927238,Mihej,Kulakov,Male,Moscow,Moscow,2016-09-01,Customer Service,Support Specialist,High School,Good,No,54288,59287,2001-03-20,
00-63561867,Fevronija,Lapina,Female,Moscow,Moscow,2016-04-01,Finance,Accountant,Bachelor,Satisfactory,Yes,55999,60689,1997-06-29,
00-99855567,Antonina,Nikonova,Female,Kazan,Kazan,2024-07-04,Marketing,Marketing Coordinator,Bachelor,Good,No,56390,63749,1981-10-15,
00-83912556,Ipatij,Molchanov,Male,Moscow,Moscow,2017-08-07,IT,Software Developer,Master,Good,No,90517,96777,1976-02-04,2023-04-03
00-84867199,Rostislav,Kulagin,Male,Moscow,Moscow,2017-08-18,Sales,Sales Specialist,Master,Good,No,58608,65025,1988-03-16,
00-62608565,Afanasij,Ovchinnikov,Male,Moscow,Moscow,2017-08-14,IT,IT Support Specialist,Bachelor,Satisfactory,No,55108,64736,2006-01-18,
00-42835863,Majja,Naumova,Female,Kazan,Kazan,2016-07-25,Customer Service,Help Desk Technician,Bachelor,Satisfactory,No,67227,70745,1988-02-08,
00-31077773,Ljubomir,Kolesnikov,Male,Moscow,Moscow,2017-01-19,IT,IT Support Specialist,High School,Good,Yes,50476,54847,1994-02-25,
00-75581943,Aleksandra,Lukina,Female,Moscow,Moscow,2021-09-01,IT,Software Developer,Master,Good,No,93411,107201,1978-12-02,
00-35848456,Tvorimir,Guljaev,Male,Moscow,Moscow,2022-04-18,Operations,Logistics Coordinator,Bachelor,Satisfactory,Yes,56649,66848,1983-08-31,
00-94066140,Veniamin,Kuznetsov,Male,Moscow,Moscow,2016-05-10,HR,HR Assistant,High School,Needs Improvement,No,56368,63416,1988-11-03,
00-17961448,Valer'jan,Agafonov,Male,Moscow,Moscow,2016-10-27,Sales,Sales Consultant,Master,Satisfactory,No,64367,70084,1978-09-16,
00-87051394,Leonid,Nikonov,Male,Moscow,Moscow,2017-04-05,IT,IT Support Specialist,Bachelor,Good,No,53572,62108,2002-12-27,
00-60477951,Antonin,Kalinin,Male,Moscow,Moscow,2018-11-22,Operations,Logistics Coordinator,Bachelor,Good,Yes,59436,71137,1992-07-21,
00-77755038,Zosima,Shilov,Male,Moscow,Moscow,2018-09-14,Finance,Accountant,Bachelor,Good,No,64577,75667,1992-04-16,
00-83850883,Ustin,Petuhov,Male,Moscow,Moscow,2020-06-02,Customer Service,Help Desk Technician,High School,Satisfactory,No,66267,76087,1980-09-21,
00-99720649,Militsa,D'jachkova,Female,Moscow,Moscow,2019-08-24,Operations,Inventory Specialist,Bachelor,Good,No,58671,63347,1988-05-10,2020-05-14
00-39729455,Milan,Komarov,Male,Kazan,Kazan,2017-04-03,Operations,Operations Analyst,Bachelor,Excellent,Yes,58552,67180,2002-02-05,2022-01-27
00-75009159,Tamara,Nazarova,Female,Moscow,Moscow,2019-06-29,Customer Service,Help Desk Technician,Bachelor,Good,No,76765,85787,1985-04-25,
00-54459067,Bogdan,Ivanov,Male,Moscow,Moscow,2017-05-05,Sales,Sales Consultant,Master,Good,No,84416,87986,1990-07-09,
00-37524880,Andrej,Golubev,Male,Moscow,Moscow,2017-07-02,Operations,Logistics Coordinator,Bachelor,Good,No,55515,65272,2004-03-20,
00-77327698,Avdej,Zhdanov,Male,Moscow,Moscow,2019-04-26,IT,System Administrator,Master,Good,Yes,83003,88228,1982-12-01,
00-92483685,Evdokija,Suhanova,Female,Moscow,Moscow,2023-07-28,Operations,Inventory Specialist,High School,Good,No,52633,56724,1998-10-06,
00-21624399,Vasilisa,Muhina,Female,Kazan,Kazan,2015-12-28,Operations,Inventory Specialist,Bachelor,Good,Yes,53910,55989,2000-11-05,
00-64423491,Radislav,Krasil'nikov,Male,Kazan,Kazan,2023-05-06,Finance,Accounts Payable Specialist,Bachelor,Good,No,50688,58959,1998-07-31,
00-79058533,Nazar,Dement'ev,Male,Kazan,Kazan,2024-04-30,Operations,Inventory Specialist,High School,Satisfactory,No,59133,64839,1981-05-28,
00-46703671,Nina,Kozlova,Female,Moscow,Moscow,2018-07-27,Marketing,Content Creator,Bachelor,Satisfactory,Yes,54693,57528,1997-12-23,
00-29968678,Eleonora,Terent'eva,Female,Moscow,Moscow,2015-02-10,Marketing,Content Creator,Bachelor,Satisfactory,No,53714,56122,2007-03-10,
00-92994421,Afanasij,Denisov,Male,Kazan,Kazan,2024-05-19,IT,IT Support Specialist,Bachelor,Satisfactory,No,59734,70448,1986-12-29,2025-10-05
00-69890846,Alla,Tarasova,Female,Moscow,Moscow,2022-04-22,Sales,Sales Representative,Bachelor,Good,No,56119,59048,2002-01-23,
00-91974872,Potap,Danilov,Male,Kazan,Kazan,2019-12-06,Marketing,Content Creator,High School,Good,No,54949,59144,1990-02-20,
00-56451138,Valerija,Osipova,Female,Moscow,Moscow,2016-06-14,IT,System Administrator,Master,Good,No,69210,79643,1978-03-23,
00-11381765,Kazimir,Maslov,Male,Moscow,Moscow,2017-11-16,Operations,Logistics Coordinator,Bachelor,Good,Yes,56092,66844,2000-02-11,
00-89333215,Alla,Koroleva,Female,Moscow,Moscow,2023-10-23,Customer Service,Customer Service Representative,Bachelor,Good,No,58097,61862,1989-08-06,
00-92497590,Valentin,Terent'ev,Male,Moscow,Moscow,2020-12-20,Operations,Operations Analyst,Bachelor,Good,No,60241,70935,1992-08-18,2023-09-21
00-28079156,Fedor,Savin,Male,Moscow,Moscow,2023-10-01,Operations,Logistics Coordinator,Bachelor,Needs Improvement,No,55971,64571,1991-01-14,
00-60208760,Sofon,Gur'ev,Male,Moscow,Moscow,2024-09-01,Customer Service,Support Specialist,Bachelor,Satisfactory,No,52710,63501,1986-04-18,
00-89746790,Veronika,Eliseeva,Female,Moscow,Moscow,2023-03-12,IT,Software Developer,Bachelor,Needs Improvement,No,74162,79784,1997-05-18,
00-23979170,Milovan,Poljakov,Male,Moscow,Moscow,2023-07-25,Sales,Sales Representative,Bachelor,Good,No,60609,69853,2007-10-28,
00-58605303,Miroslav,Zajtsev,Male,Moscow,Moscow,2018-06-01,IT,IT Support Specialist,High School,Excellent,No,52528,55749,1996-06-04,
00-63382683,Stojan,Ustinov,Male,Kazan,Kazan,2017-02-06,Customer Service,Customer Service Representative,High School,Satisfactory,No,53233,58025,1982-06-07,
00-86079150,Valerija,Stepanova,Female,Moscow,Moscow,2019-06-30,Customer Service,Customer Service Representative,High School,Needs Improvement,No,54042,56338,1990-12-15,
00-52178638,Raisa,Arhipova,Female,Kazan,Kazan,2016-04-02,IT,IT Support Specialist,High School,Needs Improvement,No,55593,58370,1994-01-23,
00-49834932,Ljubomir,Rusakov,Male,Kazan,Kazan,2019-06-28,Customer Service,Support Specialist,Bachelor,Good,Yes,54866,64818,1989-08-11,
00-63085907,Zoja,Jakusheva,Female,Moscow,Moscow,2023-03-26,Customer Service,Support Specialist,Bachelor,Good,Yes,51614,54809,2001-09-29,
00-94253748,Ivanna,Frolova,Female,Moscow,Moscow,2022-02-07,Operations,Logistics Coordinator,Bachelor,Good,Yes,51792,57426,1986-07-22,
00-28947898,Anzhela,Strelkova,Female,Moscow,Moscow,2016-08-30,Customer Service,Support Specialist,High School,Satisfactory,No,52461,54967,1999-05-31,
00-40667239,Stojan,Gerasimov,Male,Moscow,Moscow,2016-11-14,IT,Software Developer,Master,Satisfactory,No,82518,89433,1979-05-17,2018-09-15
00-35314656,Lidija,Konovalova,Female,Moscow,Moscow,2022-05-05,Operations,Logistics Coordinator,Bachelor,Satisfactory,Yes,55166,57385,1998-09-08,
00-88265603,Agata,Kolesnikova,Female,Moscow,Moscow,2019-02-17,Sales,Sales Specialist,Bachelor,Satisfactory,Yes,71449,76677,1985-02-02,
00-51858060,Eleonora,Morozova,Female,Moscow,Moscow,2023-06-30,IT,System Administrator,Master,Satisfactory,No,84784,96454,1970-05-21,
00-24843289,Evpraksija,Tret'jakova,Female,Kazan,Kazan,2022-11-29,Operations,Inventory Specialist,Bachelor,Good,No,53340,55844,2004-07-27,
00-22955603,Marfa,Kudrjavtseva,Female,Moscow,Moscow,2017-02-20,Operations,Operations Analyst,Master,Satisfactory,No,58566,69447,1978-02-25,
00-74499217,Ol'ga,Mamontova,Female,Moscow,Moscow,2020-09-09,Customer Service,Customer Service Representative,High School,Good,No,52397,54885,2000-04-15,
00-28978235,Dobroslav,Evdokimov,Male,Moscow,Moscow,2021-08-01,Sales,Sales Consultant,PhD,Excellent,No,81698,86278,1992-12-08,
00-53428202,Denis,Ignatov,Male,Moscow,Moscow,2024-12-11,Customer Service,Help Desk Technician,Bachelor,Good,Yes,50122,59360,1995-09-08,
00-37185844,Leonid,Judin,Male,Moscow,Moscow,2023-02-08,Sales,Sales Consultant,Master,Good,No,82656,93022,1982-08-18,
00-68254356,Valentina,Nekrasova,Female,Moscow,Moscow,2017-10-22,IT,Software Developer,Bachelor,Good,No,80074,82307,1999-02-15,
00-35013701,Kira,Efremova,Female,Kazan,Kazan,2023-06-23,Marketing,Marketing Coordinator,Bachelor,Good,No,60470,62873,1999-11-25,
00-90739324,Venedikt,Shestakov,Male,Moscow,Moscow,2022-09-08,Operations,Logistics Coordinator,Bachelor,Needs Improvement,Yes,59462,69157,2005-08-08,
00-43067590,Varfolomej,Kopylov,Male,Moscow,Moscow,2017-01-07,Customer Service,Customer Service Manager,PhD,Good,No,81131,88489,1961-04-28,
00-48858996,Evgenija,Zinov'eva,Female,Moscow,Moscow,2023-12-02,IT,Software Developer,Bachelor,Good,Yes,91648,97755,1989-08-03,
00-71654076,Ljubov',Anisimova,Female,Moscow,Moscow,2017-08-13,Operations,Logistics Coordinator,Bachelor,Good,Yes,53296,55529,2007-08-06,
00-27002780,Ul'jana,Seliverstova,Female,Moscow,Moscow,2017-08-21,HR,HR Coordinator,Master,Good,No,58081,68932,1979-12-08,
00-80668428,Elisej,Medvedev,Male,Moscow,Moscow,2017-12-27,Customer Service,Support Specialist,High School,Good,No,54064,57346,2006-02-03,
00-40930175,Nina,Timofeeva,Female,Moscow,Moscow,2017-02-10,Operations,Logistics Coordinator,Bachelor,Good,No,57178,62102,1990-05-19,
00-93409229,Foka,Belozerov,Male,Moscow,Moscow,2018-06-01,Operations,Logistics Coordinator,Bachelor,Good,Yes,57510,66984,1996-01-14,
00-11485071,Dmitrij,Blohin,Male,Moscow,Moscow,2020-07-05,Customer Service,Support Specialist,High School,Good,No,51417,57755,1994-09-29,
00-91026002,Dementij,Panfilov,Male,Kazan,Kazan,2020-05-21,Sales,Sales Consultant,Bachelor,Good,No,64631,75770,1983-02-16,
00-94276207,Nikodim,Krasil'nikov,Male,Moscow,Moscow,2022-02-17,Customer Service,Support Specialist,Bachelor,Satisfactory,No,53529,62971,1980-04-20,
00-71677162,Gavrila,Popov,Male,Moscow,Moscow,2019-04-25,Customer Service,Support Specialist,Bachelor,Satisfactory,No,51184,59514,2005-02-12,2020-04-10
00-33375857,Ul'jan,Teterin,Male,Moscow,Moscow,2018-02-19,Customer Service,Support Specialist,High School,Good,No,50292,54247,2006-04-08,
00-92383901,Margarita,Ershova,Female,Moscow,Moscow,2020-04-19,Operations,Inventory Specialist,High School,Needs Improvement,No,56719,64115,1980-06-27,
00-26010939,Oleg,Grishin,Male,Moscow,Moscow,2018-10-13,Marketing,Content Creator,Bachelor,Satisfactory,Yes,53336,62394,1985-01-17,
00-28548828,Glafira,Osipova,Female,Moscow,Moscow,2023-04-21,Operations,Inventory Specialist,Bachelor,Excellent,Yes,55900,59665,1987-06-26,
00-67328257,Anzhela,Judina,Female,Moscow,Moscow,2022-07-26,Operations,Inventory Specialist,High School,Good,No,52783,55289,1983-05-16,2023-08-19
00-64322867,Kira,Nesterova,Female,Moscow,Moscow,2019-02-09,Customer Service,Help Desk Technician,High School,Satisfactory,No,74184,80540,1992-10-24,
00-87320977,Ladimir,Jakovlev,Male,Kazan,Kazan,2018-02-06,Operations,Operations Analyst,Master,Needs Improvement,No,50260,57916,1971-11-03,
00-59230588,Ladislav,Nekrasov,Male,Moscow,Moscow,2019-07-29,Operations,Inventory Specialist,Bachelor,Satisfactory,Yes,52920,64186,1991-08-05,
00-51379478,Valerija,Nosova,Female,Moscow,Moscow,2022-10-14,Sales,Sales Specialist,Master,Excellent,No,79323,89995,1993-01-07,
00-92287470,Nikita,Nikiforov,Male,Kazan,Kazan,2018-02-21,Customer Service,Support Specialist,High School,Satisfactory,No,52309,55480,1999-10-13,
00-80167287,Anzhela,Selezneva,Female,Moscow,Moscow,2015-04-22,Marketing,SEO Specialist,High School,Satisfactory,No,76251,78274,2004-02-13,
00-33402929,Raisa,Koroleva,Female,Moscow,Moscow,2020-06-12,Operations,Inventory Specialist,High School,Good,Yes,55009,60099,1985-11-28,
00-47699165,Agaf'ja,Suhanova,Female,Moscow,Moscow,2019-02-05,IT,Software Developer,Master,Good,No,91903,102832,1981-06-11,
00-56163017,Izmail,Judin,Male,Moscow,Moscow,2020-10-30,Sales,Sales Specialist,Bachelor,Good,No,69867,82834,2001-09-07,
00-27531918,Polina,Kuz'mina,Female,Moscow,Moscow,2019-05-12,Sales,Sales Specialist,Master,Good,No,72490,82278,1983-09-18,
00-82820446,Antip,Judin,Male,Moscow,Moscow,2023-06-24,HR,Recruiter,High School,Satisfactory,No,68494,76827,1989-01-04,
00-59188215,Svetlana,Kosheleva,Female,Moscow,Moscow,2023-04-03,Operations,Logistics Coordinator,Bachelor,Satisfactory,No,55245,56814,2000-11-18,
00-29346960,Varvara,Teterina,Female,Moscow,Moscow,2024-12-27,Operations,Operations Analyst,Master,Satisfactory,No,56311,64716,1991-01-12,
00-93177239,Marija,Mamontova,Female,Moscow,Moscow,2022-10-05,Sales,Sales Consultant,Bachelor,Satisfactory,No,61706,65198,1997-12-02,
00-22109826,Vissarion,Zajtsev,Male,Moscow,Moscow,2020-07-14,Operations,Logistics Coordinator,Bachelor,Excellent,No,52765,63522,1988-01-27,
00-67964907,Gremislav,Nikolaev,Male,Kazan,Kazan,2017-07-01,IT,IT Support Specialist,High School,Needs Improvement,Yes,55736,61156,1994-07-28,2018-04-14
00-50620412,Alla,Beljaeva,Female,Moscow,Moscow,2022-06-17,Marketing,Content Creator,Bachelor,Good,Yes,56807,60596,1984-10-28,
00-47145024,Oksana,Potapova,Female,Moscow,Moscow,2020-03-08,Sales,Sales Representative,Bachelor,Good,No,55041,56792,1998-10-08,
00-10986962,Valerija,Gerasimova,Female,Kazan,Kazan,2016-09-07,Operations,Operations Analyst,Bachelor,Good,Yes,78508,85448,1988-02-19,
00-40134115,Veronika,Shestakova,Female,Moscow,Moscow,2023-05-02,Customer Service,Support Specialist,Bachelor,Excellent,Yes,57239,60024,2005-08-25,
00-67271681,Azarij,Judin,Male,Kazan,Kazan,2022-01-26,Operations,Logistics Coordinator,Bachelor,Good,Yes,53078,60743,2006-03-09,
00-76838652,Tvorimir,Zaharov,Male,Kazan,Kazan,2017-05-10,IT,IT Support Specialist,Bachelor,Satisfactory,No,57450,67910,2001-01-17,2018-03-05
00-23869516,Margarita,Isakova,Female,Moscow,Moscow,2017-10-22,Finance,Accountant,Bachelor,Excellent,No,53714,56133,1989-01-16,
00-60681622,Galina,Komissarova,Female,Moscow,Moscow,2019-12-28,Operations,Operations Analyst,Bachelor,Good,Yes,69502,76804,1988-10-29,
00-69637695,Alevtina,Poljakova,Female,Moscow,Moscow,2018-03-25,Customer Service,Support Specialist,High School,Satisfactory,No,53237,54813,2004-04-11,
00-39520104,Viktorija,Judina,Female,Kazan,Kazan,2020-12-15,IT,Software Developer,Master,Good,Yes,90821,105357,1986-02-01,2022-06-09
00-89089630,Bronislav,Shestakov,Male,Moscow,Moscow,2020-08-14,Customer Service,Help Desk Technician,High School,Good,No,52141,57492,1989-12-08,
00-98269201,Alla,Nekrasova,Female,Moscow,Moscow,2018-08-24,IT,Software Developer,Master,Good,Yes,79968,93508,1981-12-25,
00-21437446,Regina,Shubina,Female,Moscow,Moscow,2017-07-21,Customer Service,Customer Service Representative,Bachelor,Excellent,No,54413,59697,1981-12-04,
00-26118091,Agap,Bol'shakov,Male,Moscow,Moscow,2019-11-29,Operations,Inventory Specialist,High School,Good,Yes,57528,61482,2000-11-25,
00-82751377,Praskov'ja,Grishina,Female,Moscow,Moscow,2015-06-29,Marketing,Marketing Coordinator,Bachelor,Good,Yes,57827,61209,1993-08-04,
00-78740258,Terentij,Shubin,Male,Moscow,Moscow,2017-10-24,Operations,Logistics Coordinator,Bachelor,Excellent,No,56237,68312,1984-10-18,
00-76568354,Vladislav,Tarasov,Male,Moscow,Moscow,2023-11-27,Operations,Logistics Coordinator,Bachelor,Good,No,54007,62449,1994-04-22,
00-86591953,Kapiton,Konovalov,Male,Moscow,Moscow,2021-06-19,Customer Service,Support Specialist,High School,Needs Improvement,No,54395,59367,1988-01-14,
00-40257670,Leon,Sergeev,Male,Moscow,Moscow,2023-02-10,Sales,Sales Representative,Bachelor,Good,Yes,58493,69072,2003-05-09,
00-40462913,Kira,Sharapova,Female,Moscow,Moscow,2022-08-12,Finance,Accountant,Bachelor,Good,No,77191,80737,1983-05-15,
00-72450766,Ksenija,Dement'eva,Female,Moscow,Moscow,2018-06-10,Operations,Inventory Specialist,Bachelor,Good,No,50983,54674,1989-10-07,
00-91577375,Amvrosij,Egorov,Male,Moscow,Moscow,2022-02-09,Sales,Sales Specialist,Bachelor,Good,No,61032,73341,1986-12-06,
00-64571232,Galina,Nazarova,Female,Moscow,Moscow,2022-01-25,Sales,Sales Consultant,Master,Excellent,No,78320,89200,1994-10-23,
00-45485231,Pahom,Suvorov,Male,Moscow,Moscow,2020-10-22,IT,System Administrator,Bachelor,Good,No,73026,88368,1989-06-04,
00-88144833,Denis,Morozov,Male,Moscow,Moscow,2024-08-09,Finance,Accounts Payable Specialist,Bachelor,Good,No,53532,65243,1983-03-23,
00-26277399,Avgust,Lihachev,Male,Kazan,Kazan,2024-03-17,Sales,Sales Specialist,Bachelor,Good,Yes,65741,75648,1996-03-04,
00-64367021,Ermolaj,Osipov,Male,Moscow,Moscow,2018-08-18,Operations,Logistics Coordinator,Bachelor,Good,No,56246,66487,1985-06-09,
00-93989706,Ija,Nazarova,Female,Moscow,Moscow,2015-05-18,Sales,Sales Specialist,Bachelor,Needs Improvement,No,76021,78345,2004-01-04,
00-37758341,Ivanna,D'jachkova,Female,Moscow,Moscow,2016-08-11,IT,Software Developer,Bachelor,Satisfactory,No,89680,92501,2004-04-25,2017-02-07
00-44782453,Anisim,Borisov,Male,Moscow,Moscow,2016-01-09,Sales,Sales Consultant,PhD,Satisfactory,No,73340,79081,1985-05-30,
00-79160259,Alina,Nekrasova,Female,Moscow,Moscow,2023-04-21,Finance,Financial Analyst,Master,Good,No,68028,77947,1983-02-01,
00-40615735,Florentin,Bobylev,Male,Kazan,Kazan,2023-06-26,Sales,Sales Representative,Bachelor,Needs Improvement,Yes,52960,60774,2005-05-01,
00-99128245,Gedeon,Fokin,Male,Moscow,Moscow,2023-07-22,Sales,Sales Consultant,Master,Needs Improvement,Yes,71552,73820,1998-11-23,
00-15274623,Vasilisa,Fadeeva,Female,Moscow,Moscow,2024-01-25,Sales,Sales Consultant,PhD,Good,No,74643,95292,1980-04-10,
00-92556649,Lora,Fomina,Female,Kazan,Kazan,2023-04-04,Sales,Sales Representative,Bachelor,Satisfactory,No,64816,68179,1981-10-05,
00-84060717,Tat'jana,Jakusheva,Female,Moscow,Moscow,2023-08-22,IT,Software Developer,Master,Good,No,86382,98828,1973-07-01,
00-97093899,Klavdij,Shashkov,Male,Moscow,Moscow,2022-05-23,HR,HR Coordinator,Bachelor,Satisfactory,No,51285,62131,1990-03-17,
00-13060197,Valerija,Samsonova,Female,Kazan,Kazan,2017-04-15,Operations,Operations Analyst,Bachelor,Satisfactory,Yes,68226,71267,2002-02-20,
00-10589096,Natal'ja,Agafonova,Female,Moscow,Moscow,2023-04-17,Sales,Sales Representative,Bachelor,Good,No,60144,62311,1998-01-12,
00-58431484,Hariton,Evdokimov,Male,Moscow,Moscow,2020-03-27,Operations,Inventory Specialist,High School,Satisfactory,Yes,52060,55419,2001-06-01,
00-78498669,Margarita,Kornilova,Female,Moscow,Moscow,2015-09-11,Marketing,Marketing Coordinator,Bachelor,Excellent,No,64946,69963,1981-06-08,
00-78198400,Ol'ga,Stepanova,Female,Moscow,Moscow,2023-05-23,Sales,Sales Representative,Bachelor,Good,Yes,64073,71471,1981-04-29,
00-16041139,Denis,Bogdanov,Male,Moscow,Moscow,2022-08-31,Customer Service,Support Specialist,Bachelor,Satisfactory,Yes,52499,60811,2007-08-30,2024-01-07
00-14036953,Vlas,Guljaev,Male,Moscow,Moscow,2024-12-05,Customer Service,Help Desk Technician,High School,Good,No,78306,85375,2005-07-15,
00-97424900,Emilija,Kudrjavtseva,Female,Kazan,Kazan,2019-01-26,Marketing,Marketing Coordinator,Bachelor,Good,No,62617,65140,1996-07-12,
00-76148610,Stanimir,Kuznetsov,Male,Moscow,Moscow,2015-08-30,Operations,Inventory Specialist,Bachelor,Excellent,No,59005,72775,1989-03-07,
00-71638103,Jakub,Konstantinov,Male,Moscow,Moscow,2024-01-03,Sales,Sales Representative,Bachelor,Good,No,68222,79669,1982-05-09,
00-68225098,Nadezhda,Doronina,Female,Moscow,Moscow,2020-05-08,Operations,Operations Analyst,Bachelor,Satisfactory,Yes,51523,54166,1993-06-17,
00-43771003,Artem,Shestakov,Male,Moscow,Moscow,2018-02-20,Marketing,Content Creator,High School,Good,No,58244,64772,1995-07-23,
00-14128212,Leonid,Fedoseev,Male,Moscow,Moscow,2020-04-15,Customer Service,Support Specialist,High School,Good,No,54292,58286,2003-09-22,
00-83104966,Budimir,Mironov,Male,Kazan,Kazan,2021-12-02,Sales,Sales Representative,Bachelor,Needs Improvement,No,63952,74804,2005-05-23,
00-62669416,Varfolomej,Orehov,Male,Moscow,Moscow,2020-04-20,Customer Service,Customer Service Representative,High School,Good,Yes,59938,66921,1988-02-06,2020-10-31
00-64872891,Zoja,Medvedeva,Female,Moscow,Moscow,2024-03-03,Customer Service,Support Specialist,High School,Satisfactory,Yes,54978,58298,1991-11-24,
00-27530949,Aleksandra,Bykova,Female,Moscow,Moscow,2023-05-20,Operations,Logistics Coordinator,Bachelor,Satisfactory,Yes,56295,61984,1987-10-07,
00-58904805,Rjurik,Nikitin,Male,Kazan,Kazan,2020-05-27,IT,Software Developer,Bachelor,Good,Yes,76356,88896,2001-12-26,
00-93850657,Savelij,Krasil'nikov,Male,Moscow,Moscow,2023-08-14,Customer Service,Customer Service Representative,High School,Good,No,58362,66187,1984-11-26,2025-01-06
00-78691924,Avtonom,Schukin,Male,Moscow,Moscow,2020-05-12,Customer Service,Help Desk Technician,Bachelor,Excellent,Yes,54277,62912,1997-03-12,
00-85135752,Ladimir,Haritonov,Male,Kazan,Kazan,2021-02-26,Customer Service,Help Desk Technician,High School,Satisfactory,Yes,57309,61704,1982-08-07,
00-59712902,Harlampij,Nikolaev,Male,Kazan,Kazan,2020-04-29,Operations,Logistics Coordinator,Bachelor,Satisfactory,No,57576,65482,2006-04-27,
00-17834512,Andronik,Lazarev,Male,Moscow,Moscow,2017-11-29,Operations,Logistics Coordinator,Bachelor,Needs Improvement,No,55513,63983,1996-09-02,
00-50213763,Ljubov',Kornilova,Female,Moscow,Moscow,2017-04-28,Customer Service,Customer Service Representative,Bachelor,Good,No,52419,55670,1987-08-17,
00-91539562,Selivan,Sysoev,Male,Moscow,Moscow,2017-03-07,IT,IT Support Specialist,High School,Satisfactory,Yes,56034,64079,1979-11-27,
00-11884464,Irina,Kolobova,Female,Moscow,Moscow,2018-03-22,Customer Service,Support Specialist,High School,Satisfactory,No,54983,58057,2002-11-04,
00-80561597,Zoja,Haritonova,Female,Moscow,Moscow,2020-04-19,IT,Software Developer,Master,Good,No,90152,101668,2000-02-06,
00-27866101,Evdokija,Dorofeeva,Female,Moscow,Moscow,2017-07-06,Customer Service,Support Specialist,High School,Good,Yes,51975,55058,1991-03-09,
00-61085590,Polikarp,Maksimov,Male,Moscow,Moscow,2015-05-05,Operations,Inventory Specialist,High School,Good,Yes,55323,59198,2007-10-02,
00-65397938,Galina,Knjazeva,Female,Moscow,Moscow,2018-09-15,Sales,Sales Specialist,PhD,Good,No,58045,72409,1988-05-26,
00-99895909,Svetlana,Vasil'eva,Female,Moscow,Moscow,2020-11-09,Sales,Sales Representative,Bachelor,Good,No,50201,51753,2007-03-30,
00-97557900,Oktjabrina,Komissarova,Female,Moscow,Moscow,2017-05-04,Sales,Sales Representative,Bachelor,Satisfactory,No,53214,57125,1981-09-21,
00-22884827,Evgenij,Gur'ev,Male,Moscow,Moscow,2023-12-06,Customer Service,Help Desk Technician,Bachelor,Good,No,77033,90896,1993-12-20,
00-39526102,Nikolaj,Zimin,Male,Kazan,Kazan,2017-07-22,IT,IT Support Specialist,High School,Satisfactory,No,52506,59522,1991-01-12,
00-90446207,Evpraksija,Ignat'eva,Female,Moscow,Moscow,2020-04-01,Customer Service,Support Specialist,High School,Needs Improvement,No,55788,59211,1989-11-04,
00-97278535,Naina,Denisova,Female,Moscow,Moscow,2021-07-25,Customer Service,Customer Service Representative,Bachelor,Good,No,52410,57356,1981-03-18,
00-19820594,Iraklij,Nazarov,Male,Moscow,Moscow,2020-07-20,Sales,Sales Consultant,Bachelor,Good,No,69874,84156,1996-11-21,
00-66786528,Parfen,Turov,Male,Moscow,Moscow,2018-03-21,Customer Service,Customer Service Representative,High School,Good,No,59772,67510,1987-12-07,
00-85976121,Sokrat,Filippov,Male,Kazan,Kazan,2017-06-26,Marketing,Marketing Coordinator,Bachelor,Good,No,58550,70838,1989-05-30,
00-53261894,Tit,Zhuravlev,Male,Moscow,Moscow,2019-09-14,IT,Software Developer,Bachelor,Good,Yes,88695,103422,2004-07-09,
00-76940233,Valentina,Orehova,Female,Moscow,Moscow,2023-07-05,Customer Service,Help Desk Technician,High School,Good,No,56749,59048,1994-04-18,
00-15055012,Serafim,Fedorov,Male,Moscow,Moscow,2020-02-28,Operations,Logistics Coordinator,Bachelor,Excellent,No,58680,68204,2003-02-05,
00-67674925,Elisej,Novikov,Male,Moscow,Moscow,2020-07-12,Operations,Logistics Coordinator,Bachelor,Good,No,57408,67024,2001-09-01,
00-49714164,Kapiton,Mironov,Male,Moscow,Moscow,2021-07-23,Customer Service,Support Specialist,Bachelor,Satisfactory,No,54660,66825,1984-04-23,
00-11399486,Anna,Popova,Female,Moscow,Moscow,2018-03-17,IT,Software Developer,Bachelor,Satisfactory,Yes,75485,81825,1997-09-16,
00-23260566,Zhanna,Rusakova,Female,Moscow,Moscow,2022-10-18,Operations,Inventory Specialist,High School,Needs Improvement,No,57639,61233,1998-05-24,
00-58154774,Pelageja,Komarova,Female,Moscow,Moscow,2018-04-28,Operations,Operations Analyst,Master,Good,No,57182,65663,1985-10-17,2021-03-15
00-44915623,Sil'vestr,Denisov,Male,Moscow,Moscow,2022-04-08,Sales,Sales Specialist,Master,Good,Yes,77499,85570,1990-07-08,
00-16927121,Prohor,Kalashnikov,Male,Moscow,Moscow,2017-02-24,IT,System Administrator,Bachelor,Satisfactory,Yes,87330,103114,1995-12-02,
00-98824098,Vladimir,Poljakov,Male,Kazan,Kazan,2017-05-27,Operations,Operations Analyst,Master,Good,No,52334,57943,1981-04-06,
00-55751584,Artem,Eliseev,Male,Kazan,Kazan,2020-11-10,Sales,Sales Consultant,PhD,Excellent,No,75368,86308,1965-09-28,
00-66289733,Radovan,Fomin,Male,Moscow,Moscow,2016-05-14,Sales,Sales Representative,Bachelor,Satisfactory,No,63800,75912,1982-02-08,
00-96774192,Glafira,Danilova,Female,Moscow,Moscow,2017-09-24,Sales,Sales Consultant,Master,Satisfactory,Yes,73044,87971,1973-03-30,
00-56501422,Tvorimir,Belozerov,Male,Moscow,Moscow,2016-11-05,Finance,Financial Analyst,Bachelor,Satisfactory,Yes,85801,100963,1988-05-02,
00-20637295,Iosif,Kazakov,Male,Kazan,Kazan,2020-10-30,Customer Service,Support Specialist,Bachelor,Satisfactory,No,57258,68342,1991-10-16,
00-76362172,Nadezhda,Tret'jakova,Female,Moscow,Moscow,2016-10-09,Sales,Sales Specialist,PhD,Satisfactory,No,54817,68490,1979-11-02,
00-20675258,Tamara,Sazonova,Female,Moscow,Moscow,2015-12-27,Operations,Operations Analyst,Master,Satisfactory,No,78403,89144,1975-11-26,
00-72893898,Valerija,Lihacheva,Female,Moscow,Moscow,2023-02-19,Operations,Inventory Specialist,Bachelor,Satisfactory,No,52118,53964,1992-11-01,
00-15036125,Elena,Jakusheva,Female,Moscow,Moscow,2016-02-25,IT,Software Developer,Master,Satisfactory,No,72891,82011,1993-03-12,2021-07-12
00-69919690,Marfa,Loginova,Female,Moscow,Moscow,2022-08-12,Operations,Inventory Specialist,Bachelor,Excellent,Yes,50368,52413,1992-04-22,2024-10-22
00-10382579,Foma,Kononov,Male,Moscow,Moscow,2024-12-10,Marketing,SEO Specialist,Bachelor,Satisfactory,No,78232,96477,1988-06-30,
00-52694683,Evgenija,Gerasimova,Female,Moscow,Moscow,2021-05-16,Customer Service,Customer Service Representative,High School,Excellent,Yes,57084,61802,1984-08-02,2022-10-10
00-35962602,Feliks,Kulakov,Male,Moscow,Moscow,2018-10-21,Sales,Sales Representative,Bachelor,Good,No,53340,62385,1980-08-14,
00-18672857,Zhanna,Kononova,Female,Moscow,Moscow,2023-07-16,Sales,Sales Representative,Bachelor,Satisfactory,Yes,59095,63699,1988-01-08,
00-26823239,Gavrila,Pahomov,Male,Kazan,Kazan,2019-06-28,Sales,Sales Consultant,PhD,Good,No,75306,79670,1973-02-01,2021-07-14
00-31328569,Rjurik,Komarov,Male,Moscow,Moscow,2019-01-22,Marketing,Marketing Coordinator,Bachelor,Satisfactory,No,58726,68281,2000-07-19,
00-56110838,Varvara,Grigor'eva,Female,Moscow,Moscow,2019-12-06,Operations,Inventory Specialist,High School,Satisfactory,No,58398,60833,1992-07-28,
00-60584609,Svetlana,Bobrova,Female,Kazan,Kazan,2022-01-18,Operations,Logistics Coordinator,Bachelor,Good,Yes,51310,54018,2002-04-27,
00-33155487,Evstafij,Grigor'ev,Male,Kazan,Kazan,2019-03-16,Operations,Inventory Specialist,High School,Good,Yes,51443,56363,1995-03-01,
00-86392196,Anikej,Kondrat'ev,Male,Kazan,Kazan,2017-11-12,Sales,Sales Representative,Bachelor,Satisfactory,Yes,63704,74852,1983-05-20,
00-91381218,Gostomysl,Pestov,Male,Moscow,Moscow,2022-05-14,Operations,Inventory Specialist,Bachelor,Satisfactory,Yes,50935,61952,1986-06-19,
00-41296057,Anastasija,Shubina,Female,Moscow,Moscow,2016-07-11,Sales,Sales Representative,Bachelor,Satisfactory,No,59974,62563,2007-04-09,
00-61273522,Jaroslav,Muhin,Male,Moscow,Moscow,2022-06-10,Customer Service,Support Specialist,High School,Satisfactory,No,51584,57198,1995-04-02,
00-22441378,Taisija,Kulakova,Female,Moscow,Moscow,2018-04-05,Operations,Inventory Specialist,Bachelor,Satisfactory,No,50537,52561,1991-04-06,
00-94609508,Karp,Hohlov,Male,Moscow,Moscow,2019-08-19,Customer Service,Support Specialist,High School,Good,Yes,52262,59262,1986-08-09,
00-25056140,Cheslav,Belov,Male,Moscow,Moscow,2017-01-07,Marketing,Content Creator,High School,Needs Improvement,No,56855,63202,1986-07-15,
00-58953546,Emilija,Gavrilova,Female,Moscow,Moscow,2017-09-17,Operations,Operations Analyst,Bachelor,Good,Yes,64419,68282,1982-09-14,
00-16424004,Ostromir,Bol'shakov,Male,Moscow,Moscow,2017-06-07,IT,System Administrator,Bachelor,Satisfactory,Yes,64253,73662,1998-12-31,
00-49280551,Pimen,Birjukov,Male,Kazan,Kazan,2016-10-21,Operations,Operations Analyst,Master,Satisfactory,Yes,54806,57409,1992-07-29,2022-06-08
00-36853562,Foma,Kudrjashov,Male,Kazan,Kazan,2020-07-12,Operations,Logistics Coordinator,Bachelor,Needs Improvement,Yes,53197,63644,1982-08-10,
00-44151571,Oksana,Afanas'eva,Female,Moscow,Moscow,2020-12-04,Marketing,Content Creator,High School,Good,Yes,55585,57943,2002-10-29,
00-99969981,Kondrat,Safonov,Male,Moscow,Moscow,2018-07-22,Marketing,Content Creator,Bachelor,Needs Improvement,Yes,56161,64086,2004-10-04,
00-29594164,Terentij,Koshelev,Male,Moscow,Moscow,2021-04-04,Customer Service,Help Desk Technician,Bachelor,Good,No,67688,79083,1987-09-15,
00-57273942,Valentina,Lavrent'eva,Female,Moscow,Moscow,2017-08-09,Customer Service,Support Specialist,High School,Needs Improvement,No,50927,56018,1980-12-23,
00-42617946,Sinklitikija,Koroleva,Female,Moscow,Moscow,2018-01-08,Customer Service,Help Desk Technician,Bachelor,Good,No,66154,71455,1994-03-03,2018-08-11
00-65928952,Vatslav,Belov,Male,Kazan,Kazan,2022-08-22,Operations,Operations Analyst,Master,Good,Yes,76432,82481,1978-09-11,
00-23632748,Sofija,Vorontsova,Female,Moscow,Moscow,2015-08-24,Sales,Sales Consultant,Bachelor,Needs Improvement,Yes,79731,88663,1987-01-30,
00-25396440,Nikodim,Burov,Male,Moscow,Moscow,2017-05-15,IT,Software Developer,Master,Good,Yes,93604,97943,1997-07-24,
00-78989329,Valentin,Nosov,Male,Kazan,Kazan,2019-12-05,Customer Service,Support Specialist,Bachelor,Satisfactory,Yes,58777,71431,1994-11-13,
00-85632215,Zhanna,Kulagina,Female,Moscow,Moscow,2018-04-05,IT,Software Developer,Bachelor,Satisfactory,No,83614,86980,2004-08-21,
00-75931453,Oleg,Tarasov,Male,Moscow,Moscow,2020-02-11,Sales,Sales Representative,Bachelor,Good,Yes,54791,65076,1998-11-02,
00-44142830,Praskov'ja,Konovalova,Female,Kazan,Kazan,2023-03-28,Sales,Sales Specialist,PhD,Good,No,68212,88364,1985-07-31,
00-79342385,Eleonora,Maslova,Female,Moscow,Moscow,2024-01-06,Operations,Inventory Specialist,Bachelor,Good,Yes,56740,62649,1984-01-07,
00-45579596,Anzhelika,Rozhkova,Female,Moscow,Moscow,2017-12-14,IT,Software Developer,Master,Good,Yes,78184,92606,1972-12-30,
00-19792772,Petr,Sobolev,Male,Moscow,Moscow,2024-02-26,Sales,Sales Consultant,Bachelor,Satisfactory,No,87107,103768,1981-12-06,
00-38763246,Ostromir,Sorokin,Male,Moscow,Moscow,2024-08-03,HR,Recruiter,High School,Good,No,51175,55013,1992-07-19,
00-35083224,Veronika,Kudrjashova,Female,Kazan,Kazan,2023-11-13,Sales,Sales Specialist,Master,Excellent,Yes,76130,89202,1976-09-18,
00-53102676,Evstignej,Smirnov,Male,Moscow,Moscow,2018-03-21,Customer Service,Support Specialist,Bachelor,Good,No,52054,59816,1996-09-14,
00-66702030,Ipatij,Baranov,Male,Moscow,Moscow,2015-08-10,Operations,Operations Analyst,Bachelor,Satisfactory,No,67803,82646,1984-12-11,2017-06-05
00-27375885,Leon,Afanas'ev,Male,Moscow,Moscow,2020-03-12,Sales,Sales Manager,PhD,Good,No,79021,87246,1969-01-21,
00-14519099,Gavrila,Kondrat'ev,Male,Moscow,Moscow,2020-06-25,Sales,Sales Consultant,PhD,Good,Yes,74181,81066,1987-05-17,
00-37054400,Natan,Trofimov,Male,Moscow,Moscow,2019-11-14,Sales,Sales Consultant,PhD,Good,No,86095,93261,1965-10-30,
00-46418179,Sinklitikija,Aksenova,Female,Kazan,Kazan,2023-08-01,IT,System Administrator,Master,Good,No,77299,92785,1979-09-26,
00-28381996,Gordej,Krylov,Male,Kazan,Kazan,2017-02-14,Operations,Inventory Specialist,Bachelor,Satisfactory,No,57038,67083,2004-05-21,
00-74434953,Igor',Gordeev,Male,Moscow,Moscow,2023-05-01,Sales,Sales Representative,Bachelor,Good,No,56614,65953,1983-04-07,
00-71801296,Leon,Maksimov,Male,Moscow,Moscow,2017-06-05,Operations,Logistics Coordinator,Bachelor,Satisfactory,No,56304,66817,2001-10-25,
00-88349396,Ernest,Kiselev,Male,Moscow,Moscow,2022-06-13,Sales,Sales Consultant,PhD,Good,Yes,70636,78014,1981-10-29,
00-33964768,Kallistrat,Ovchinnikov,Male,Moscow,Moscow,2022-01-16,Operations,Operations Analyst,Bachelor,Good,No,72819,87473,1985-05-03,
00-52644581,Vitalij,Mironov,Male,Moscow,Moscow,2018-08-26,Operations,Inventory Specialist,High School,Needs Improvement,No,54546,59413,2000-01-17,2022-11-27
00-24298519,Sidor,Korolev,Male,Moscow,Moscow,2016-05-26,IT,IT Support Specialist,High School,Satisfactory,Yes,52016,55945,1998-05-10,
00-24640648,Ljubim,Ovchinnikov,Male,Moscow,Moscow,2020-12-17,Customer Service,Support Specialist,High School,Needs Improvement,Yes,51441,56897,2000-06-29,2023-11-24
00-49443745,Kondrat,Blohin,Male,Kazan,Kazan,2021-07-08,Operations,Logistics Coordinator,Bachelor,Good,Yes,52755,62220,1993-11-21,
